image_name,time,time_since_stress,channel
"['2021_02_10_07_55_02multi_0CH0.tiff', '2021_02_10_07_55_02multi_0CH1.tiff', '2021_02_10_07_55_02multi_0CH2.tiff', '2021_02_10_07_55_02multi_0CH3.tiff']",0,-1,"['G', 'B', 'NIR', 'R']"
"['2021_02_10_07_55_23multi_0CH0.tiff', '2021_02_10_07_55_23multi_0CH1.tiff', '2021_02_10_07_55_23multi_0CH2.tiff', '2021_02_10_07_55_23multi_0CH3.tiff']",0,-1,"['G', 'B', 'NIR', 'R']"
"['2021_02_10_07_56_24multi_0CH0.tiff', '2021_02_10_07_56_24multi_0CH1.tiff', '2021_02_10_07_56_24multi_0CH2.tiff', '2021_02_10_07_56_24multi_0CH3.tiff']",1,-1,"['G', 'B', 'NIR', 'R']"
"['2021_02_10_07_57_24multi_0CH0.tiff', '2021_02_10_07_57_24multi_0CH1.tiff', '2021_02_10_07_57_24multi_0CH2.tiff', '2021_02_10_07_57_24multi_0CH3.tiff']",2,-1,"['G', 'B', 'NIR', 'R']"
"['2021_02_10_07_58_25multi_0CH0.tiff', '2021_02_10_07_58_25multi_0CH1.tiff', '2021_02_10_07_58_25multi_0CH2.tiff', '2021_02_10_07_58_25multi_0CH3.tiff']",3,-1,"['G', 'B', 'NIR', 'R']"
"['2021_02_10_07_59_25multi_0CH0.tiff', '2021_02_10_07_59_25multi_0CH1.tiff', '2021_02_10_07_59_25multi_0CH2.tiff', '2021_02_10_07_59_25multi_0CH3.tiff']",4,-1,"['G', 'B', 'NIR', 'R']"
"['2021_02_10_08_00_26multi_0CH0.tiff', '2021_02_10_08_00_26multi_0CH1.tiff', '2021_02_10_08_00_26multi_0CH2.tiff', '2021_02_10_08_00_26multi_0CH3.tiff']",5,-1,"['G', 'B', 'NIR', 'R']"
"['2021_02_10_08_01_26multi_0CH0.tiff', '2021_02_10_08_01_26multi_0CH1.tiff', '2021_02_10_08_01_26multi_0CH2.tiff', '2021_02_10_08_01_26multi_0CH3.tiff']",6,-1,"['G', 'B', 'NIR', 'R']"
"['2021_02_10_08_02_27multi_0CH0.tiff', '2021_02_10_08_02_27multi_0CH1.tiff', '2021_02_10_08_02_27multi_0CH2.tiff', '2021_02_10_08_02_27multi_0CH3.tiff']",7,-1,"['G', 'B', 'NIR', 'R']"
"['2021_02_10_08_03_27multi_0CH0.tiff', '2021_02_10_08_03_27multi_0CH1.tiff', '2021_02_10_08_03_27multi_0CH2.tiff', '2021_02_10_08_03_27multi_0CH3.tiff']",8,-1,"['G', 'B', 'NIR', 'R']"
"['2021_02_10_08_04_28multi_0CH0.tiff', '2021_02_10_08_04_28multi_0CH1.tiff', '2021_02_10_08_04_28multi_0CH2.tiff', '2021_02_10_08_04_28multi_0CH3.tiff']",9,-1,"['G', 'B', 'NIR', 'R']"
"['2021_02_10_08_05_28multi_0CH0.tiff', '2021_02_10_08_05_28multi_0CH1.tiff', '2021_02_10_08_05_28multi_0CH2.tiff', '2021_02_10_08_05_28multi_0CH3.tiff']",10,-1,"['G', 'B', 'NIR', 'R']"
"['2021_02_10_08_06_29multi_0CH0.tiff', '2021_02_10_08_06_29multi_0CH1.tiff', '2021_02_10_08_06_29multi_0CH2.tiff', '2021_02_10_08_06_29multi_0CH3.tiff']",11,-1,"['G', 'B', 'NIR', 'R']"
"['2021_02_10_08_07_29multi_0CH0.tiff', '2021_02_10_08_07_29multi_0CH1.tiff', '2021_02_10_08_07_29multi_0CH2.tiff', '2021_02_10_08_07_29multi_0CH3.tiff']",12,-1,"['G', 'B', 'NIR', 'R']"
"['2021_02_10_08_08_30multi_0CH0.tiff', '2021_02_10_08_08_30multi_0CH1.tiff', '2021_02_10_08_08_30multi_0CH2.tiff', '2021_02_10_08_08_30multi_0CH3.tiff']",13,-1,"['G', 'B', 'NIR', 'R']"
"['2021_02_10_08_09_31multi_0CH0.tiff', '2021_02_10_08_09_31multi_0CH1.tiff', '2021_02_10_08_09_31multi_0CH2.tiff', '2021_02_10_08_09_31multi_0CH3.tiff']",14,-1,"['G', 'B', 'NIR', 'R']"
"['2021_02_10_08_10_31multi_0CH0.tiff', '2021_02_10_08_10_31multi_0CH1.tiff', '2021_02_10_08_10_31multi_0CH2.tiff', '2021_02_10_08_10_31multi_0CH3.tiff']",15,-1,"['G', 'B', 'NIR', 'R']"
"['2021_02_10_08_11_32multi_0CH0.tiff', '2021_02_10_08_11_32multi_0CH1.tiff', '2021_02_10_08_11_32multi_0CH2.tiff', '2021_02_10_08_11_32multi_0CH3.tiff']",16,-1,"['G', 'B', 'NIR', 'R']"
"['2021_02_10_08_12_32multi_0CH0.tiff', '2021_02_10_08_12_32multi_0CH1.tiff', '2021_02_10_08_12_32multi_0CH2.tiff', '2021_02_10_08_12_32multi_0CH3.tiff']",17,-1,"['G', 'B', 'NIR', 'R']"
"['2021_02_10_08_13_33multi_0CH0.tiff', '2021_02_10_08_13_33multi_0CH1.tiff', '2021_02_10_08_13_33multi_0CH2.tiff', '2021_02_10_08_13_33multi_0CH3.tiff']",18,-1,"['G', 'B', 'NIR', 'R']"
"['2021_02_10_08_14_33multi_0CH0.tiff', '2021_02_10_08_14_33multi_0CH1.tiff', '2021_02_10_08_14_33multi_0CH2.tiff', '2021_02_10_08_14_33multi_0CH3.tiff']",19,-1,"['G', 'B', 'NIR', 'R']"
"['2021_02_10_08_15_34multi_0CH0.tiff', '2021_02_10_08_15_34multi_0CH1.tiff', '2021_02_10_08_15_34multi_0CH2.tiff', '2021_02_10_08_15_34multi_0CH3.tiff']",20,-1,"['G', 'B', 'NIR', 'R']"
"['2021_02_10_08_16_34multi_0CH0.tiff', '2021_02_10_08_16_34multi_0CH1.tiff', '2021_02_10_08_16_34multi_0CH2.tiff', '2021_02_10_08_16_34multi_0CH3.tiff']",21,-1,"['G', 'B', 'NIR', 'R']"
"['2021_02_10_08_17_35multi_0CH0.tiff', '2021_02_10_08_17_35multi_0CH1.tiff', '2021_02_10_08_17_35multi_0CH2.tiff', '2021_02_10_08_17_35multi_0CH3.tiff']",22,-1,"['G', 'B', 'NIR', 'R']"
"['2021_02_10_08_18_35multi_0CH0.tiff', '2021_02_10_08_18_35multi_0CH1.tiff', '2021_02_10_08_18_35multi_0CH2.tiff', '2021_02_10_08_18_35multi_0CH3.tiff']",23,-1,"['G', 'B', 'NIR', 'R']"
"['2021_02_10_08_19_36multi_0CH0.tiff', '2021_02_10_08_19_36multi_0CH1.tiff', '2021_02_10_08_19_36multi_0CH2.tiff', '2021_02_10_08_19_36multi_0CH3.tiff']",24,-1,"['G', 'B', 'NIR', 'R']"
"['2021_02_10_08_20_36multi_0CH0.tiff', '2021_02_10_08_20_36multi_0CH1.tiff', '2021_02_10_08_20_36multi_0CH2.tiff', '2021_02_10_08_20_36multi_0CH3.tiff']",25,-1,"['G', 'B', 'NIR', 'R']"
"['2021_02_10_08_21_37multi_0CH0.tiff', '2021_02_10_08_21_37multi_0CH1.tiff', '2021_02_10_08_21_37multi_0CH2.tiff', '2021_02_10_08_21_37multi_0CH3.tiff']",26,-1,"['G', 'B', 'NIR', 'R']"
"['2021_02_10_08_22_38multi_0CH0.tiff', '2021_02_10_08_22_38multi_0CH1.tiff', '2021_02_10_08_22_38multi_0CH2.tiff', '2021_02_10_08_22_38multi_0CH3.tiff']",27,-1,"['G', 'B', 'NIR', 'R']"
"['2021_02_10_08_23_38multi_0CH0.tiff', '2021_02_10_08_23_38multi_0CH1.tiff', '2021_02_10_08_23_38multi_0CH2.tiff', '2021_02_10_08_23_38multi_0CH3.tiff']",28,-1,"['G', 'B', 'NIR', 'R']"
"['2021_02_10_08_24_38multi_0CH0.tiff', '2021_02_10_08_24_38multi_0CH1.tiff', '2021_02_10_08_24_38multi_0CH2.tiff', '2021_02_10_08_24_38multi_0CH3.tiff']",29,-1,"['G', 'B', 'NIR', 'R']"
"['2021_02_10_08_25_39multi_0CH0.tiff', '2021_02_10_08_25_39multi_0CH1.tiff', '2021_02_10_08_25_39multi_0CH2.tiff', '2021_02_10_08_25_39multi_0CH3.tiff']",30,-1,"['G', 'B', 'NIR', 'R']"
"['2021_02_10_08_26_39multi_0CH0.tiff', '2021_02_10_08_26_39multi_0CH1.tiff', '2021_02_10_08_26_39multi_0CH2.tiff', '2021_02_10_08_26_39multi_0CH3.tiff']",31,-1,"['G', 'B', 'NIR', 'R']"
"['2021_02_10_08_28_40multi_0CH0.tiff', '2021_02_10_08_28_40multi_0CH1.tiff', '2021_02_10_08_28_40multi_0CH2.tiff', '2021_02_10_08_28_40multi_0CH3.tiff']",33,-1,"['G', 'B', 'NIR', 'R']"
"['2021_02_10_08_29_41multi_0CH0.tiff', '2021_02_10_08_29_41multi_0CH1.tiff', '2021_02_10_08_29_41multi_0CH2.tiff', '2021_02_10_08_29_41multi_0CH3.tiff']",34,-1,"['G', 'B', 'NIR', 'R']"
"['2021_02_10_08_30_41multi_0CH0.tiff', '2021_02_10_08_30_41multi_0CH1.tiff', '2021_02_10_08_30_41multi_0CH2.tiff', '2021_02_10_08_30_41multi_0CH3.tiff']",35,-1,"['G', 'B', 'NIR', 'R']"
"['2021_02_10_08_31_42multi_0CH0.tiff', '2021_02_10_08_31_42multi_0CH1.tiff', '2021_02_10_08_31_42multi_0CH2.tiff', '2021_02_10_08_31_42multi_0CH3.tiff']",36,-1,"['G', 'B', 'NIR', 'R']"
"['2021_02_10_08_32_42multi_0CH0.tiff', '2021_02_10_08_32_42multi_0CH1.tiff', '2021_02_10_08_32_42multi_0CH2.tiff', '2021_02_10_08_32_42multi_0CH3.tiff']",37,-1,"['G', 'B', 'NIR', 'R']"
"['2021_02_10_08_33_43multi_0CH0.tiff', '2021_02_10_08_33_43multi_0CH1.tiff', '2021_02_10_08_33_43multi_0CH2.tiff', '2021_02_10_08_33_43multi_0CH3.tiff']",38,-1,"['G', 'B', 'NIR', 'R']"
"['2021_02_10_08_34_43multi_0CH0.tiff', '2021_02_10_08_34_43multi_0CH1.tiff', '2021_02_10_08_34_43multi_0CH2.tiff', '2021_02_10_08_34_43multi_0CH3.tiff']",39,-1,"['G', 'B', 'NIR', 'R']"
"['2021_02_10_08_35_44multi_0CH0.tiff', '2021_02_10_08_35_44multi_0CH1.tiff', '2021_02_10_08_35_44multi_0CH2.tiff', '2021_02_10_08_35_44multi_0CH3.tiff']",40,-1,"['G', 'B', 'NIR', 'R']"
"['2021_02_10_08_36_45multi_0CH0.tiff', '2021_02_10_08_36_45multi_0CH1.tiff', '2021_02_10_08_36_45multi_0CH2.tiff', '2021_02_10_08_36_45multi_0CH3.tiff']",41,-1,"['G', 'B', 'NIR', 'R']"
"['2021_02_10_08_37_45multi_0CH0.tiff', '2021_02_10_08_37_45multi_0CH1.tiff', '2021_02_10_08_37_45multi_0CH2.tiff', '2021_02_10_08_37_45multi_0CH3.tiff']",42,-1,"['G', 'B', 'NIR', 'R']"
"['2021_02_10_08_38_46multi_0CH0.tiff', '2021_02_10_08_38_46multi_0CH1.tiff', '2021_02_10_08_38_46multi_0CH2.tiff', '2021_02_10_08_38_46multi_0CH3.tiff']",43,-1,"['G', 'B', 'NIR', 'R']"
"['2021_02_10_08_39_46multi_0CH0.tiff', '2021_02_10_08_39_46multi_0CH1.tiff', '2021_02_10_08_39_46multi_0CH2.tiff', '2021_02_10_08_39_46multi_0CH3.tiff']",44,-1,"['G', 'B', 'NIR', 'R']"
"['2021_02_10_08_40_47multi_0CH0.tiff', '2021_02_10_08_40_47multi_0CH1.tiff', '2021_02_10_08_40_47multi_0CH2.tiff', '2021_02_10_08_40_47multi_0CH3.tiff']",45,-1,"['G', 'B', 'NIR', 'R']"
"['2021_02_10_08_41_47multi_0CH0.tiff', '2021_02_10_08_41_47multi_0CH1.tiff', '2021_02_10_08_41_47multi_0CH2.tiff', '2021_02_10_08_41_47multi_0CH3.tiff']",46,-1,"['G', 'B', 'NIR', 'R']"
"['2021_02_10_08_42_48multi_0CH0.tiff', '2021_02_10_08_42_48multi_0CH1.tiff', '2021_02_10_08_42_48multi_0CH2.tiff', '2021_02_10_08_42_48multi_0CH3.tiff']",47,-1,"['G', 'B', 'NIR', 'R']"
"['2021_02_10_08_43_48multi_0CH0.tiff', '2021_02_10_08_43_48multi_0CH1.tiff', '2021_02_10_08_43_48multi_0CH2.tiff', '2021_02_10_08_43_48multi_0CH3.tiff']",48,-1,"['G', 'B', 'NIR', 'R']"
"['2021_02_10_08_44_49multi_0CH0.tiff', '2021_02_10_08_44_49multi_0CH1.tiff', '2021_02_10_08_44_49multi_0CH2.tiff', '2021_02_10_08_44_49multi_0CH3.tiff']",49,-1,"['G', 'B', 'NIR', 'R']"
"['2021_02_10_08_45_49multi_0CH0.tiff', '2021_02_10_08_45_49multi_0CH1.tiff', '2021_02_10_08_45_49multi_0CH2.tiff', '2021_02_10_08_45_49multi_0CH3.tiff']",50,-1,"['G', 'B', 'NIR', 'R']"
"['2021_02_10_08_46_50multi_0CH0.tiff', '2021_02_10_08_46_50multi_0CH1.tiff', '2021_02_10_08_46_50multi_0CH2.tiff', '2021_02_10_08_46_50multi_0CH3.tiff']",51,-1,"['G', 'B', 'NIR', 'R']"
"['2021_02_10_08_47_50multi_0CH0.tiff', '2021_02_10_08_47_50multi_0CH1.tiff', '2021_02_10_08_47_50multi_0CH2.tiff', '2021_02_10_08_47_50multi_0CH3.tiff']",52,-1,"['G', 'B', 'NIR', 'R']"
"['2021_02_10_08_48_51multi_0CH0.tiff', '2021_02_10_08_48_51multi_0CH1.tiff', '2021_02_10_08_48_51multi_0CH2.tiff', '2021_02_10_08_48_51multi_0CH3.tiff']",53,-1,"['G', 'B', 'NIR', 'R']"
"['2021_02_10_08_49_51multi_0CH0.tiff', '2021_02_10_08_49_51multi_0CH1.tiff', '2021_02_10_08_49_51multi_0CH2.tiff', '2021_02_10_08_49_51multi_0CH3.tiff']",54,-1,"['G', 'B', 'NIR', 'R']"
"['2021_02_10_08_50_52multi_0CH0.tiff', '2021_02_10_08_50_52multi_0CH1.tiff', '2021_02_10_08_50_52multi_0CH2.tiff', '2021_02_10_08_50_52multi_0CH3.tiff']",55,-1,"['G', 'B', 'NIR', 'R']"
"['2021_02_10_08_51_52multi_0CH0.tiff', '2021_02_10_08_51_52multi_0CH1.tiff', '2021_02_10_08_51_52multi_0CH2.tiff', '2021_02_10_08_51_52multi_0CH3.tiff']",56,-1,"['G', 'B', 'NIR', 'R']"
"['2021_02_10_08_52_53multi_0CH0.tiff', '2021_02_10_08_52_53multi_0CH1.tiff', '2021_02_10_08_52_53multi_0CH2.tiff', '2021_02_10_08_52_53multi_0CH3.tiff']",57,-1,"['G', 'B', 'NIR', 'R']"
"['2021_02_10_08_53_54multi_0CH0.tiff', '2021_02_10_08_53_54multi_0CH1.tiff', '2021_02_10_08_53_54multi_0CH2.tiff', '2021_02_10_08_53_54multi_0CH3.tiff']",58,-1,"['G', 'B', 'NIR', 'R']"
"['2021_02_10_08_54_54multi_0CH0.tiff', '2021_02_10_08_54_54multi_0CH1.tiff', '2021_02_10_08_54_54multi_0CH2.tiff', '2021_02_10_08_54_54multi_0CH3.tiff']",59,-1,"['G', 'B', 'NIR', 'R']"
"['2021_02_10_08_55_54multi_0CH0.tiff', '2021_02_10_08_55_54multi_0CH1.tiff', '2021_02_10_08_55_54multi_0CH2.tiff', '2021_02_10_08_55_54multi_0CH3.tiff']",60,-1,"['G', 'B', 'NIR', 'R']"
"['2021_02_10_08_56_55multi_0CH0.tiff', '2021_02_10_08_56_55multi_0CH1.tiff', '2021_02_10_08_56_55multi_0CH2.tiff', '2021_02_10_08_56_55multi_0CH3.tiff']",61,-1,"['G', 'B', 'NIR', 'R']"
"['2021_02_10_08_57_56multi_0CH0.tiff', '2021_02_10_08_57_56multi_0CH1.tiff', '2021_02_10_08_57_56multi_0CH2.tiff', '2021_02_10_08_57_56multi_0CH3.tiff']",62,0,"['G', 'B', 'NIR', 'R']"
"['2021_02_10_08_58_56multi_0CH0.tiff', '2021_02_10_08_58_56multi_0CH1.tiff', '2021_02_10_08_58_56multi_0CH2.tiff', '2021_02_10_08_58_56multi_0CH3.tiff']",63,1,"['G', 'B', 'NIR', 'R']"
"['2021_02_10_08_59_57multi_0CH0.tiff', '2021_02_10_08_59_57multi_0CH1.tiff', '2021_02_10_08_59_57multi_0CH2.tiff', '2021_02_10_08_59_57multi_0CH3.tiff']",64,2,"['G', 'B', 'NIR', 'R']"
"['2021_02_10_09_00_57multi_0CH0.tiff', '2021_02_10_09_00_57multi_0CH1.tiff', '2021_02_10_09_00_57multi_0CH2.tiff', '2021_02_10_09_00_57multi_0CH3.tiff']",65,3,"['G', 'B', 'NIR', 'R']"
"['2021_02_10_09_01_58multi_0CH0.tiff', '2021_02_10_09_01_58multi_0CH1.tiff', '2021_02_10_09_01_58multi_0CH2.tiff', '2021_02_10_09_01_58multi_0CH3.tiff']",66,4,"['G', 'B', 'NIR', 'R']"
"['2021_02_10_09_02_58multi_0CH0.tiff', '2021_02_10_09_02_58multi_0CH1.tiff', '2021_02_10_09_02_58multi_0CH2.tiff', '2021_02_10_09_02_58multi_0CH3.tiff']",67,5,"['G', 'B', 'NIR', 'R']"
"['2021_02_10_09_03_59multi_0CH0.tiff', '2021_02_10_09_03_59multi_0CH1.tiff', '2021_02_10_09_03_59multi_0CH2.tiff', '2021_02_10_09_03_59multi_0CH3.tiff']",68,6,"['G', 'B', 'NIR', 'R']"
"['2021_02_10_09_04_59multi_0CH0.tiff', '2021_02_10_09_04_59multi_0CH1.tiff', '2021_02_10_09_04_59multi_0CH2.tiff', '2021_02_10_09_04_59multi_0CH3.tiff']",69,7,"['G', 'B', 'NIR', 'R']"
"['2021_02_10_09_06_00multi_0CH0.tiff', '2021_02_10_09_06_00multi_0CH1.tiff', '2021_02_10_09_06_00multi_0CH2.tiff', '2021_02_10_09_06_00multi_0CH3.tiff']",71,9,"['G', 'B', 'NIR', 'R']"
"['2021_02_10_09_07_00multi_0CH0.tiff', '2021_02_10_09_07_00multi_0CH1.tiff', '2021_02_10_09_07_00multi_0CH2.tiff', '2021_02_10_09_07_00multi_0CH3.tiff']",72,10,"['G', 'B', 'NIR', 'R']"
"['2021_02_10_09_08_01multi_0CH0.tiff', '2021_02_10_09_08_01multi_0CH1.tiff', '2021_02_10_09_08_01multi_0CH2.tiff', '2021_02_10_09_08_01multi_0CH3.tiff']",73,11,"['G', 'B', 'NIR', 'R']"
"['2021_02_10_09_09_01multi_0CH0.tiff', '2021_02_10_09_09_01multi_0CH1.tiff', '2021_02_10_09_09_01multi_0CH2.tiff', '2021_02_10_09_09_01multi_0CH3.tiff']",74,12,"['G', 'B', 'NIR', 'R']"
"['2021_02_10_09_10_02multi_0CH0.tiff', '2021_02_10_09_10_02multi_0CH1.tiff', '2021_02_10_09_10_02multi_0CH2.tiff', '2021_02_10_09_10_02multi_0CH3.tiff']",75,13,"['G', 'B', 'NIR', 'R']"
"['2021_02_10_09_11_02multi_0CH0.tiff', '2021_02_10_09_11_02multi_0CH1.tiff', '2021_02_10_09_11_02multi_0CH2.tiff', '2021_02_10_09_11_02multi_0CH3.tiff']",76,14,"['G', 'B', 'NIR', 'R']"
"['2021_02_10_09_12_03multi_0CH0.tiff', '2021_02_10_09_12_03multi_0CH1.tiff', '2021_02_10_09_12_03multi_0CH2.tiff', '2021_02_10_09_12_03multi_0CH3.tiff']",77,15,"['G', 'B', 'NIR', 'R']"
"['2021_02_10_09_13_04multi_0CH0.tiff', '2021_02_10_09_13_04multi_0CH1.tiff', '2021_02_10_09_13_04multi_0CH2.tiff', '2021_02_10_09_13_04multi_0CH3.tiff']",78,16,"['G', 'B', 'NIR', 'R']"
"['2021_02_10_09_14_04multi_0CH0.tiff', '2021_02_10_09_14_04multi_0CH1.tiff', '2021_02_10_09_14_04multi_0CH2.tiff', '2021_02_10_09_14_04multi_0CH3.tiff']",79,17,"['G', 'B', 'NIR', 'R']"
"['2021_02_10_09_15_05multi_0CH0.tiff', '2021_02_10_09_15_05multi_0CH1.tiff', '2021_02_10_09_15_05multi_0CH2.tiff', '2021_02_10_09_15_05multi_0CH3.tiff']",80,18,"['G', 'B', 'NIR', 'R']"
"['2021_02_10_09_16_05multi_0CH0.tiff', '2021_02_10_09_16_05multi_0CH1.tiff', '2021_02_10_09_16_05multi_0CH2.tiff', '2021_02_10_09_16_05multi_0CH3.tiff']",81,19,"['G', 'B', 'NIR', 'R']"
"['2021_02_10_09_17_06multi_0CH0.tiff', '2021_02_10_09_17_06multi_0CH1.tiff', '2021_02_10_09_17_06multi_0CH2.tiff', '2021_02_10_09_17_06multi_0CH3.tiff']",82,20,"['G', 'B', 'NIR', 'R']"
"['2021_02_10_09_18_06multi_0CH0.tiff', '2021_02_10_09_18_06multi_0CH1.tiff', '2021_02_10_09_18_06multi_0CH2.tiff', '2021_02_10_09_18_06multi_0CH3.tiff']",83,21,"['G', 'B', 'NIR', 'R']"
"['2021_02_10_09_19_07multi_0CH0.tiff', '2021_02_10_09_19_07multi_0CH1.tiff', '2021_02_10_09_19_07multi_0CH2.tiff', '2021_02_10_09_19_07multi_0CH3.tiff']",84,22,"['G', 'B', 'NIR', 'R']"
"['2021_02_10_09_20_07multi_0CH0.tiff', '2021_02_10_09_20_07multi_0CH1.tiff', '2021_02_10_09_20_07multi_0CH2.tiff', '2021_02_10_09_20_07multi_0CH3.tiff']",85,23,"['G', 'B', 'NIR', 'R']"
"['2021_02_10_09_21_08multi_0CH0.tiff', '2021_02_10_09_21_08multi_0CH1.tiff', '2021_02_10_09_21_08multi_0CH2.tiff', '2021_02_10_09_21_08multi_0CH3.tiff']",86,24,"['G', 'B', 'NIR', 'R']"
"['2021_02_10_09_22_08multi_0CH0.tiff', '2021_02_10_09_22_08multi_0CH1.tiff', '2021_02_10_09_22_08multi_0CH2.tiff', '2021_02_10_09_22_08multi_0CH3.tiff']",87,25,"['G', 'B', 'NIR', 'R']"
"['2021_02_10_09_23_09multi_0CH0.tiff', '2021_02_10_09_23_09multi_0CH1.tiff', '2021_02_10_09_23_09multi_0CH2.tiff', '2021_02_10_09_23_09multi_0CH3.tiff']",88,26,"['G', 'B', 'NIR', 'R']"
"['2021_02_10_09_24_09multi_0CH0.tiff', '2021_02_10_09_24_09multi_0CH1.tiff', '2021_02_10_09_24_09multi_0CH2.tiff', '2021_02_10_09_24_09multi_0CH3.tiff']",89,27,"['G', 'B', 'NIR', 'R']"
"['2021_02_10_09_25_10multi_0CH0.tiff', '2021_02_10_09_25_10multi_0CH1.tiff', '2021_02_10_09_25_10multi_0CH2.tiff', '2021_02_10_09_25_10multi_0CH3.tiff']",90,28,"['G', 'B', 'NIR', 'R']"
"['2021_02_10_09_26_10multi_0CH0.tiff', '2021_02_10_09_26_10multi_0CH1.tiff', '2021_02_10_09_26_10multi_0CH2.tiff', '2021_02_10_09_26_10multi_0CH3.tiff']",91,29,"['G', 'B', 'NIR', 'R']"
"['2021_02_10_09_27_11multi_0CH0.tiff', '2021_02_10_09_27_11multi_0CH1.tiff', '2021_02_10_09_27_11multi_0CH2.tiff', '2021_02_10_09_27_11multi_0CH3.tiff']",92,30,"['G', 'B', 'NIR', 'R']"
"['2021_02_10_09_28_11multi_0CH0.tiff', '2021_02_10_09_28_11multi_0CH1.tiff', '2021_02_10_09_28_11multi_0CH2.tiff', '2021_02_10_09_28_11multi_0CH3.tiff']",93,31,"['G', 'B', 'NIR', 'R']"
"['2021_02_10_09_29_12multi_0CH0.tiff', '2021_02_10_09_29_12multi_0CH1.tiff', '2021_02_10_09_29_12multi_0CH2.tiff', '2021_02_10_09_29_12multi_0CH3.tiff']",94,32,"['G', 'B', 'NIR', 'R']"
"['2021_02_10_09_30_12multi_0CH0.tiff', '2021_02_10_09_30_12multi_0CH1.tiff', '2021_02_10_09_30_12multi_0CH2.tiff', '2021_02_10_09_30_12multi_0CH3.tiff']",95,33,"['G', 'B', 'NIR', 'R']"
"['2021_02_10_09_31_13multi_0CH0.tiff', '2021_02_10_09_31_13multi_0CH1.tiff', '2021_02_10_09_31_13multi_0CH2.tiff', '2021_02_10_09_31_13multi_0CH3.tiff']",96,34,"['G', 'B', 'NIR', 'R']"
"['2021_02_10_09_32_13multi_0CH0.tiff', '2021_02_10_09_32_13multi_0CH1.tiff', '2021_02_10_09_32_13multi_0CH2.tiff', '2021_02_10_09_32_13multi_0CH3.tiff']",97,35,"['G', 'B', 'NIR', 'R']"
"['2021_02_10_09_33_14multi_0CH0.tiff', '2021_02_10_09_33_14multi_0CH1.tiff', '2021_02_10_09_33_14multi_0CH2.tiff', '2021_02_10_09_33_14multi_0CH3.tiff']",98,36,"['G', 'B', 'NIR', 'R']"
"['2021_02_10_09_34_14multi_0CH0.tiff', '2021_02_10_09_34_14multi_0CH1.tiff', '2021_02_10_09_34_14multi_0CH2.tiff', '2021_02_10_09_34_14multi_0CH3.tiff']",99,37,"['G', 'B', 'NIR', 'R']"
"['2021_02_10_09_35_15multi_0CH0.tiff', '2021_02_10_09_35_15multi_0CH1.tiff', '2021_02_10_09_35_15multi_0CH2.tiff', '2021_02_10_09_35_15multi_0CH3.tiff']",100,38,"['G', 'B', 'NIR', 'R']"
"['2021_02_10_09_36_15multi_0CH0.tiff', '2021_02_10_09_36_15multi_0CH1.tiff', '2021_02_10_09_36_15multi_0CH2.tiff', '2021_02_10_09_36_15multi_0CH3.tiff']",101,39,"['G', 'B', 'NIR', 'R']"
"['2021_02_10_09_37_16multi_0CH0.tiff', '2021_02_10_09_37_16multi_0CH1.tiff', '2021_02_10_09_37_16multi_0CH2.tiff', '2021_02_10_09_37_16multi_0CH3.tiff']",102,40,"['G', 'B', 'NIR', 'R']"
"['2021_02_10_09_38_16multi_0CH0.tiff', '2021_02_10_09_38_16multi_0CH1.tiff', '2021_02_10_09_38_16multi_0CH2.tiff', '2021_02_10_09_38_16multi_0CH3.tiff']",103,41,"['G', 'B', 'NIR', 'R']"
"['2021_02_10_09_39_17multi_0CH0.tiff', '2021_02_10_09_39_17multi_0CH1.tiff', '2021_02_10_09_39_17multi_0CH2.tiff', '2021_02_10_09_39_17multi_0CH3.tiff']",104,42,"['G', 'B', 'NIR', 'R']"
"['2021_02_10_09_40_18multi_0CH0.tiff', '2021_02_10_09_40_18multi_0CH1.tiff', '2021_02_10_09_40_18multi_0CH2.tiff', '2021_02_10_09_40_18multi_0CH3.tiff']",105,43,"['G', 'B', 'NIR', 'R']"
"['2021_02_10_09_41_18multi_0CH0.tiff', '2021_02_10_09_41_18multi_0CH1.tiff', '2021_02_10_09_41_18multi_0CH2.tiff', '2021_02_10_09_41_18multi_0CH3.tiff']",106,44,"['G', 'B', 'NIR', 'R']"
"['2021_02_10_09_42_19multi_0CH0.tiff', '2021_02_10_09_42_19multi_0CH1.tiff', '2021_02_10_09_42_19multi_0CH2.tiff', '2021_02_10_09_42_19multi_0CH3.tiff']",107,45,"['G', 'B', 'NIR', 'R']"
"['2021_02_10_09_43_19multi_0CH0.tiff', '2021_02_10_09_43_19multi_0CH1.tiff', '2021_02_10_09_43_19multi_0CH2.tiff', '2021_02_10_09_43_19multi_0CH3.tiff']",108,46,"['G', 'B', 'NIR', 'R']"
"['2021_02_10_09_44_20multi_0CH0.tiff', '2021_02_10_09_44_20multi_0CH1.tiff', '2021_02_10_09_44_20multi_0CH2.tiff', '2021_02_10_09_44_20multi_0CH3.tiff']",109,47,"['G', 'B', 'NIR', 'R']"
"['2021_02_10_09_45_20multi_0CH0.tiff', '2021_02_10_09_45_20multi_0CH1.tiff', '2021_02_10_09_45_20multi_0CH2.tiff', '2021_02_10_09_45_20multi_0CH3.tiff']",110,48,"['G', 'B', 'NIR', 'R']"
"['2021_02_10_09_46_21multi_0CH0.tiff', '2021_02_10_09_46_21multi_0CH1.tiff', '2021_02_10_09_46_21multi_0CH2.tiff', '2021_02_10_09_46_21multi_0CH3.tiff']",111,49,"['G', 'B', 'NIR', 'R']"
"['2021_02_10_09_47_21multi_0CH0.tiff', '2021_02_10_09_47_21multi_0CH1.tiff', '2021_02_10_09_47_21multi_0CH2.tiff', '2021_02_10_09_47_21multi_0CH3.tiff']",112,50,"['G', 'B', 'NIR', 'R']"
"['2021_02_10_09_48_22multi_0CH0.tiff', '2021_02_10_09_48_22multi_0CH1.tiff', '2021_02_10_09_48_22multi_0CH2.tiff', '2021_02_10_09_48_22multi_0CH3.tiff']",113,51,"['G', 'B', 'NIR', 'R']"
"['2021_02_10_09_49_22multi_0CH0.tiff', '2021_02_10_09_49_22multi_0CH1.tiff', '2021_02_10_09_49_22multi_0CH2.tiff', '2021_02_10_09_49_22multi_0CH3.tiff']",114,52,"['G', 'B', 'NIR', 'R']"
"['2021_02_10_09_50_23multi_0CH0.tiff', '2021_02_10_09_50_23multi_0CH1.tiff', '2021_02_10_09_50_23multi_0CH2.tiff', '2021_02_10_09_50_23multi_0CH3.tiff']",115,53,"['G', 'B', 'NIR', 'R']"
"['2021_02_10_09_51_23multi_0CH0.tiff', '2021_02_10_09_51_23multi_0CH1.tiff', '2021_02_10_09_51_23multi_0CH2.tiff', '2021_02_10_09_51_23multi_0CH3.tiff']",116,54,"['G', 'B', 'NIR', 'R']"
"['2021_02_10_09_52_24multi_0CH0.tiff', '2021_02_10_09_52_24multi_0CH1.tiff', '2021_02_10_09_52_24multi_0CH2.tiff', '2021_02_10_09_52_24multi_0CH3.tiff']",117,55,"['G', 'B', 'NIR', 'R']"
"['2021_02_10_09_53_24multi_0CH0.tiff', '2021_02_10_09_53_24multi_0CH1.tiff', '2021_02_10_09_53_24multi_0CH2.tiff', '2021_02_10_09_53_24multi_0CH3.tiff']",118,56,"['G', 'B', 'NIR', 'R']"
"['2021_02_10_09_54_25multi_0CH0.tiff', '2021_02_10_09_54_25multi_0CH1.tiff', '2021_02_10_09_54_25multi_0CH2.tiff', '2021_02_10_09_54_25multi_0CH3.tiff']",119,57,"['G', 'B', 'NIR', 'R']"
"['2021_02_10_09_55_25multi_0CH0.tiff', '2021_02_10_09_55_25multi_0CH1.tiff', '2021_02_10_09_55_25multi_0CH2.tiff', '2021_02_10_09_55_25multi_0CH3.tiff']",120,58,"['G', 'B', 'NIR', 'R']"
"['2021_02_10_09_56_26multi_0CH0.tiff', '2021_02_10_09_56_26multi_0CH1.tiff', '2021_02_10_09_56_26multi_0CH2.tiff', '2021_02_10_09_56_26multi_0CH3.tiff']",121,59,"['G', 'B', 'NIR', 'R']"
"['2021_02_10_09_57_27multi_0CH0.tiff', '2021_02_10_09_57_27multi_0CH1.tiff', '2021_02_10_09_57_27multi_0CH2.tiff', '2021_02_10_09_57_27multi_0CH3.tiff']",122,60,"['G', 'B', 'NIR', 'R']"
"['2021_02_10_09_58_27multi_0CH0.tiff', '2021_02_10_09_58_27multi_0CH1.tiff', '2021_02_10_09_58_27multi_0CH2.tiff', '2021_02_10_09_58_27multi_0CH3.tiff']",123,61,"['G', 'B', 'NIR', 'R']"
"['2021_02_10_09_59_28multi_0CH0.tiff', '2021_02_10_09_59_28multi_0CH1.tiff', '2021_02_10_09_59_28multi_0CH2.tiff', '2021_02_10_09_59_28multi_0CH3.tiff']",124,62,"['G', 'B', 'NIR', 'R']"
"['2021_02_10_10_00_28multi_0CH0.tiff', '2021_02_10_10_00_28multi_0CH1.tiff', '2021_02_10_10_00_28multi_0CH2.tiff', '2021_02_10_10_00_28multi_0CH3.tiff']",125,63,"['G', 'B', 'NIR', 'R']"
"['2021_02_10_10_01_29multi_0CH0.tiff', '2021_02_10_10_01_29multi_0CH1.tiff', '2021_02_10_10_01_29multi_0CH2.tiff', '2021_02_10_10_01_29multi_0CH3.tiff']",126,64,"['G', 'B', 'NIR', 'R']"
"['2021_02_10_10_02_29multi_0CH0.tiff', '2021_02_10_10_02_29multi_0CH1.tiff', '2021_02_10_10_02_29multi_0CH2.tiff', '2021_02_10_10_02_29multi_0CH3.tiff']",127,65,"['G', 'B', 'NIR', 'R']"
"['2021_02_10_10_03_30multi_0CH0.tiff', '2021_02_10_10_03_30multi_0CH1.tiff', '2021_02_10_10_03_30multi_0CH2.tiff', '2021_02_10_10_03_30multi_0CH3.tiff']",128,66,"['G', 'B', 'NIR', 'R']"
"['2021_02_10_10_04_30multi_0CH0.tiff', '2021_02_10_10_04_30multi_0CH1.tiff', '2021_02_10_10_04_30multi_0CH2.tiff', '2021_02_10_10_04_30multi_0CH3.tiff']",129,67,"['G', 'B', 'NIR', 'R']"
"['2021_02_10_10_05_31multi_0CH0.tiff', '2021_02_10_10_05_31multi_0CH1.tiff', '2021_02_10_10_05_31multi_0CH2.tiff', '2021_02_10_10_05_31multi_0CH3.tiff']",130,68,"['G', 'B', 'NIR', 'R']"
"['2021_02_10_10_06_31multi_0CH0.tiff', '2021_02_10_10_06_31multi_0CH1.tiff', '2021_02_10_10_06_31multi_0CH2.tiff', '2021_02_10_10_06_31multi_0CH3.tiff']",131,69,"['G', 'B', 'NIR', 'R']"
"['2021_02_10_10_07_32multi_0CH0.tiff', '2021_02_10_10_07_32multi_0CH1.tiff', '2021_02_10_10_07_32multi_0CH2.tiff', '2021_02_10_10_07_32multi_0CH3.tiff']",132,70,"['G', 'B', 'NIR', 'R']"
"['2021_02_10_10_08_32multi_0CH0.tiff', '2021_02_10_10_08_32multi_0CH1.tiff', '2021_02_10_10_08_32multi_0CH2.tiff', '2021_02_10_10_08_32multi_0CH3.tiff']",133,71,"['G', 'B', 'NIR', 'R']"
"['2021_02_10_10_09_33multi_0CH0.tiff', '2021_02_10_10_09_33multi_0CH1.tiff', '2021_02_10_10_09_33multi_0CH2.tiff', '2021_02_10_10_09_33multi_0CH3.tiff']",134,72,"['G', 'B', 'NIR', 'R']"
"['2021_02_10_10_10_33multi_0CH0.tiff', '2021_02_10_10_10_33multi_0CH1.tiff', '2021_02_10_10_10_33multi_0CH2.tiff', '2021_02_10_10_10_33multi_0CH3.tiff']",135,73,"['G', 'B', 'NIR', 'R']"
"['2021_02_10_10_11_34multi_0CH0.tiff', '2021_02_10_10_11_34multi_0CH1.tiff', '2021_02_10_10_11_34multi_0CH2.tiff', '2021_02_10_10_11_34multi_0CH3.tiff']",136,74,"['G', 'B', 'NIR', 'R']"
"['2021_02_10_10_12_34multi_0CH0.tiff', '2021_02_10_10_12_34multi_0CH1.tiff', '2021_02_10_10_12_34multi_0CH2.tiff', '2021_02_10_10_12_34multi_0CH3.tiff']",137,75,"['G', 'B', 'NIR', 'R']"
"['2021_02_10_10_13_35multi_0CH0.tiff', '2021_02_10_10_13_35multi_0CH1.tiff', '2021_02_10_10_13_35multi_0CH2.tiff', '2021_02_10_10_13_35multi_0CH3.tiff']",138,76,"['G', 'B', 'NIR', 'R']"
"['2021_02_10_10_14_36multi_0CH0.tiff', '2021_02_10_10_14_36multi_0CH1.tiff', '2021_02_10_10_14_36multi_0CH2.tiff', '2021_02_10_10_14_36multi_0CH3.tiff']",139,77,"['G', 'B', 'NIR', 'R']"
"['2021_02_10_10_15_36multi_0CH0.tiff', '2021_02_10_10_15_36multi_0CH1.tiff', '2021_02_10_10_15_36multi_0CH2.tiff', '2021_02_10_10_15_36multi_0CH3.tiff']",140,78,"['G', 'B', 'NIR', 'R']"
"['2021_02_10_10_16_37multi_0CH0.tiff', '2021_02_10_10_16_37multi_0CH1.tiff', '2021_02_10_10_16_37multi_0CH2.tiff', '2021_02_10_10_16_37multi_0CH3.tiff']",141,79,"['G', 'B', 'NIR', 'R']"
"['2021_02_10_10_17_37multi_0CH0.tiff', '2021_02_10_10_17_37multi_0CH1.tiff', '2021_02_10_10_17_37multi_0CH2.tiff', '2021_02_10_10_17_37multi_0CH3.tiff']",142,80,"['G', 'B', 'NIR', 'R']"
"['2021_02_10_10_18_38multi_0CH0.tiff', '2021_02_10_10_18_38multi_0CH1.tiff', '2021_02_10_10_18_38multi_0CH2.tiff', '2021_02_10_10_18_38multi_0CH3.tiff']",143,81,"['G', 'B', 'NIR', 'R']"
"['2021_02_10_10_19_38multi_0CH0.tiff', '2021_02_10_10_19_38multi_0CH1.tiff', '2021_02_10_10_19_38multi_0CH2.tiff', '2021_02_10_10_19_38multi_0CH3.tiff']",144,82,"['G', 'B', 'NIR', 'R']"
"['2021_02_10_10_20_39multi_0CH0.tiff', '2021_02_10_10_20_39multi_0CH1.tiff', '2021_02_10_10_20_39multi_0CH2.tiff', '2021_02_10_10_20_39multi_0CH3.tiff']",145,83,"['G', 'B', 'NIR', 'R']"
"['2021_02_10_10_21_39multi_0CH0.tiff', '2021_02_10_10_21_39multi_0CH1.tiff', '2021_02_10_10_21_39multi_0CH2.tiff', '2021_02_10_10_21_39multi_0CH3.tiff']",146,84,"['G', 'B', 'NIR', 'R']"
"['2021_02_10_10_22_40multi_0CH0.tiff', '2021_02_10_10_22_40multi_0CH1.tiff', '2021_02_10_10_22_40multi_0CH2.tiff', '2021_02_10_10_22_40multi_0CH3.tiff']",147,85,"['G', 'B', 'NIR', 'R']"
"['2021_02_10_10_23_40multi_0CH0.tiff', '2021_02_10_10_23_40multi_0CH1.tiff', '2021_02_10_10_23_40multi_0CH2.tiff', '2021_02_10_10_23_40multi_0CH3.tiff']",148,86,"['G', 'B', 'NIR', 'R']"
"['2021_02_10_10_24_41multi_0CH0.tiff', '2021_02_10_10_24_41multi_0CH1.tiff', '2021_02_10_10_24_41multi_0CH2.tiff', '2021_02_10_10_24_41multi_0CH3.tiff']",149,87,"['G', 'B', 'NIR', 'R']"
"['2021_02_10_10_25_41multi_0CH0.tiff', '2021_02_10_10_25_41multi_0CH1.tiff', '2021_02_10_10_25_41multi_0CH2.tiff', '2021_02_10_10_25_41multi_0CH3.tiff']",150,88,"['G', 'B', 'NIR', 'R']"
"['2021_02_10_10_26_42multi_0CH0.tiff', '2021_02_10_10_26_42multi_0CH1.tiff', '2021_02_10_10_26_42multi_0CH2.tiff', '2021_02_10_10_26_42multi_0CH3.tiff']",151,89,"['G', 'B', 'NIR', 'R']"
"['2021_02_10_10_27_42multi_0CH0.tiff', '2021_02_10_10_27_42multi_0CH1.tiff', '2021_02_10_10_27_42multi_0CH2.tiff', '2021_02_10_10_27_42multi_0CH3.tiff']",152,90,"['G', 'B', 'NIR', 'R']"
"['2021_02_10_10_28_43multi_0CH0.tiff', '2021_02_10_10_28_43multi_0CH1.tiff', '2021_02_10_10_28_43multi_0CH2.tiff', '2021_02_10_10_28_43multi_0CH3.tiff']",153,91,"['G', 'B', 'NIR', 'R']"
"['2021_02_10_10_29_43multi_0CH0.tiff', '2021_02_10_10_29_43multi_0CH1.tiff', '2021_02_10_10_29_43multi_0CH2.tiff', '2021_02_10_10_29_43multi_0CH3.tiff']",154,92,"['G', 'B', 'NIR', 'R']"
"['2021_02_10_10_30_44multi_0CH0.tiff', '2021_02_10_10_30_44multi_0CH1.tiff', '2021_02_10_10_30_44multi_0CH2.tiff', '2021_02_10_10_30_44multi_0CH3.tiff']",155,93,"['G', 'B', 'NIR', 'R']"
"['2021_02_10_10_31_45multi_0CH0.tiff', '2021_02_10_10_31_45multi_0CH1.tiff', '2021_02_10_10_31_45multi_0CH2.tiff', '2021_02_10_10_31_45multi_0CH3.tiff']",156,94,"['G', 'B', 'NIR', 'R']"
"['2021_02_10_10_32_45multi_0CH0.tiff', '2021_02_10_10_32_45multi_0CH1.tiff', '2021_02_10_10_32_45multi_0CH2.tiff', '2021_02_10_10_32_45multi_0CH3.tiff']",157,95,"['G', 'B', 'NIR', 'R']"
"['2021_02_10_10_33_45multi_0CH0.tiff', '2021_02_10_10_33_45multi_0CH1.tiff', '2021_02_10_10_33_45multi_0CH2.tiff', '2021_02_10_10_33_45multi_0CH3.tiff']",158,96,"['G', 'B', 'NIR', 'R']"
"['2021_02_10_10_34_46multi_0CH0.tiff', '2021_02_10_10_34_46multi_0CH1.tiff', '2021_02_10_10_34_46multi_0CH2.tiff', '2021_02_10_10_34_46multi_0CH3.tiff']",159,97,"['G', 'B', 'NIR', 'R']"
"['2021_02_10_10_35_47multi_0CH0.tiff', '2021_02_10_10_35_47multi_0CH1.tiff', '2021_02_10_10_35_47multi_0CH2.tiff', '2021_02_10_10_35_47multi_0CH3.tiff']",160,98,"['G', 'B', 'NIR', 'R']"
"['2021_02_10_10_36_47multi_0CH0.tiff', '2021_02_10_10_36_47multi_0CH1.tiff', '2021_02_10_10_36_47multi_0CH2.tiff', '2021_02_10_10_36_47multi_0CH3.tiff']",161,99,"['G', 'B', 'NIR', 'R']"
"['2021_02_10_10_37_48multi_0CH0.tiff', '2021_02_10_10_37_48multi_0CH1.tiff', '2021_02_10_10_37_48multi_0CH2.tiff', '2021_02_10_10_37_48multi_0CH3.tiff']",162,100,"['G', 'B', 'NIR', 'R']"
"['2021_02_10_10_38_48multi_0CH0.tiff', '2021_02_10_10_38_48multi_0CH1.tiff', '2021_02_10_10_38_48multi_0CH2.tiff', '2021_02_10_10_38_48multi_0CH3.tiff']",163,101,"['G', 'B', 'NIR', 'R']"
"['2021_02_10_10_39_49multi_0CH0.tiff', '2021_02_10_10_39_49multi_0CH1.tiff', '2021_02_10_10_39_49multi_0CH2.tiff', '2021_02_10_10_39_49multi_0CH3.tiff']",164,102,"['G', 'B', 'NIR', 'R']"
"['2021_02_10_10_40_49multi_0CH0.tiff', '2021_02_10_10_40_49multi_0CH1.tiff', '2021_02_10_10_40_49multi_0CH2.tiff', '2021_02_10_10_40_49multi_0CH3.tiff']",165,103,"['G', 'B', 'NIR', 'R']"
"['2021_02_10_10_41_50multi_0CH0.tiff', '2021_02_10_10_41_50multi_0CH1.tiff', '2021_02_10_10_41_50multi_0CH2.tiff', '2021_02_10_10_41_50multi_0CH3.tiff']",166,104,"['G', 'B', 'NIR', 'R']"
"['2021_02_10_10_42_50multi_0CH0.tiff', '2021_02_10_10_42_50multi_0CH1.tiff', '2021_02_10_10_42_50multi_0CH2.tiff', '2021_02_10_10_42_50multi_0CH3.tiff']",167,105,"['G', 'B', 'NIR', 'R']"
"['2021_02_10_10_43_51multi_0CH0.tiff', '2021_02_10_10_43_51multi_0CH1.tiff', '2021_02_10_10_43_51multi_0CH2.tiff', '2021_02_10_10_43_51multi_0CH3.tiff']",168,106,"['G', 'B', 'NIR', 'R']"
"['2021_02_10_10_44_51multi_0CH0.tiff', '2021_02_10_10_44_51multi_0CH1.tiff', '2021_02_10_10_44_51multi_0CH2.tiff', '2021_02_10_10_44_51multi_0CH3.tiff']",169,107,"['G', 'B', 'NIR', 'R']"
"['2021_02_10_10_45_52multi_0CH0.tiff', '2021_02_10_10_45_52multi_0CH1.tiff', '2021_02_10_10_45_52multi_0CH2.tiff', '2021_02_10_10_45_52multi_0CH3.tiff']",170,108,"['G', 'B', 'NIR', 'R']"
"['2021_02_10_10_46_52multi_0CH0.tiff', '2021_02_10_10_46_52multi_0CH1.tiff', '2021_02_10_10_46_52multi_0CH2.tiff', '2021_02_10_10_46_52multi_0CH3.tiff']",171,109,"['G', 'B', 'NIR', 'R']"
"['2021_02_10_10_47_53multi_0CH0.tiff', '2021_02_10_10_47_53multi_0CH1.tiff', '2021_02_10_10_47_53multi_0CH2.tiff', '2021_02_10_10_47_53multi_0CH3.tiff']",172,110,"['G', 'B', 'NIR', 'R']"
"['2021_02_10_10_48_53multi_0CH0.tiff', '2021_02_10_10_48_53multi_0CH1.tiff', '2021_02_10_10_48_53multi_0CH2.tiff', '2021_02_10_10_48_53multi_0CH3.tiff']",173,111,"['G', 'B', 'NIR', 'R']"
"['2021_02_10_10_49_54multi_0CH0.tiff', '2021_02_10_10_49_54multi_0CH1.tiff', '2021_02_10_10_49_54multi_0CH2.tiff', '2021_02_10_10_49_54multi_0CH3.tiff']",174,112,"['G', 'B', 'NIR', 'R']"
"['2021_02_10_10_50_54multi_0CH0.tiff', '2021_02_10_10_50_54multi_0CH1.tiff', '2021_02_10_10_50_54multi_0CH2.tiff', '2021_02_10_10_50_54multi_0CH3.tiff']",175,113,"['G', 'B', 'NIR', 'R']"
"['2021_02_10_10_51_55multi_0CH0.tiff', '2021_02_10_10_51_55multi_0CH1.tiff', '2021_02_10_10_51_55multi_0CH2.tiff', '2021_02_10_10_51_55multi_0CH3.tiff']",176,114,"['G', 'B', 'NIR', 'R']"
"['2021_02_10_10_52_56multi_0CH0.tiff', '2021_02_10_10_52_56multi_0CH1.tiff', '2021_02_10_10_52_56multi_0CH2.tiff', '2021_02_10_10_52_56multi_0CH3.tiff']",177,115,"['G', 'B', 'NIR', 'R']"
"['2021_02_10_10_53_56multi_0CH0.tiff', '2021_02_10_10_53_56multi_0CH1.tiff', '2021_02_10_10_53_56multi_0CH2.tiff', '2021_02_10_10_53_56multi_0CH3.tiff']",178,116,"['G', 'B', 'NIR', 'R']"
"['2021_02_10_10_54_56multi_0CH0.tiff', '2021_02_10_10_54_56multi_0CH1.tiff', '2021_02_10_10_54_56multi_0CH2.tiff', '2021_02_10_10_54_56multi_0CH3.tiff']",179,117,"['G', 'B', 'NIR', 'R']"
"['2021_02_10_10_55_57multi_0CH0.tiff', '2021_02_10_10_55_57multi_0CH1.tiff', '2021_02_10_10_55_57multi_0CH2.tiff', '2021_02_10_10_55_57multi_0CH3.tiff']",180,118,"['G', 'B', 'NIR', 'R']"
"['2021_02_10_10_56_58multi_0CH0.tiff', '2021_02_10_10_56_58multi_0CH1.tiff', '2021_02_10_10_56_58multi_0CH2.tiff', '2021_02_10_10_56_58multi_0CH3.tiff']",181,119,"['G', 'B', 'NIR', 'R']"
"['2021_02_10_10_57_58multi_0CH0.tiff', '2021_02_10_10_57_58multi_0CH1.tiff', '2021_02_10_10_57_58multi_0CH2.tiff', '2021_02_10_10_57_58multi_0CH3.tiff']",182,120,"['G', 'B', 'NIR', 'R']"
"['2021_02_10_10_58_59multi_0CH0.tiff', '2021_02_10_10_58_59multi_0CH1.tiff', '2021_02_10_10_58_59multi_0CH2.tiff', '2021_02_10_10_58_59multi_0CH3.tiff']",183,121,"['G', 'B', 'NIR', 'R']"
"['2021_02_10_10_59_59multi_0CH0.tiff', '2021_02_10_10_59_59multi_0CH1.tiff', '2021_02_10_10_59_59multi_0CH2.tiff', '2021_02_10_10_59_59multi_0CH3.tiff']",184,122,"['G', 'B', 'NIR', 'R']"
"['2021_02_10_11_01_00multi_0CH0.tiff', '2021_02_10_11_01_00multi_0CH1.tiff', '2021_02_10_11_01_00multi_0CH2.tiff', '2021_02_10_11_01_00multi_0CH3.tiff']",186,124,"['G', 'B', 'NIR', 'R']"
"['2021_02_10_11_02_00multi_0CH0.tiff', '2021_02_10_11_02_00multi_0CH1.tiff', '2021_02_10_11_02_00multi_0CH2.tiff', '2021_02_10_11_02_00multi_0CH3.tiff']",187,125,"['G', 'B', 'NIR', 'R']"
"['2021_02_10_11_03_01multi_0CH0.tiff', '2021_02_10_11_03_01multi_0CH1.tiff', '2021_02_10_11_03_01multi_0CH2.tiff', '2021_02_10_11_03_01multi_0CH3.tiff']",188,126,"['G', 'B', 'NIR', 'R']"
"['2021_02_10_11_04_01multi_0CH0.tiff', '2021_02_10_11_04_01multi_0CH1.tiff', '2021_02_10_11_04_01multi_0CH2.tiff', '2021_02_10_11_04_01multi_0CH3.tiff']",189,127,"['G', 'B', 'NIR', 'R']"
"['2021_02_10_11_05_02multi_0CH0.tiff', '2021_02_10_11_05_02multi_0CH1.tiff', '2021_02_10_11_05_02multi_0CH2.tiff', '2021_02_10_11_05_02multi_0CH3.tiff']",190,128,"['G', 'B', 'NIR', 'R']"
"['2021_02_10_11_06_02multi_0CH0.tiff', '2021_02_10_11_06_02multi_0CH1.tiff', '2021_02_10_11_06_02multi_0CH2.tiff', '2021_02_10_11_06_02multi_0CH3.tiff']",191,129,"['G', 'B', 'NIR', 'R']"
"['2021_02_10_11_07_03multi_0CH0.tiff', '2021_02_10_11_07_03multi_0CH1.tiff', '2021_02_10_11_07_03multi_0CH2.tiff', '2021_02_10_11_07_03multi_0CH3.tiff']",192,130,"['G', 'B', 'NIR', 'R']"
"['2021_02_10_11_08_03multi_0CH0.tiff', '2021_02_10_11_08_03multi_0CH1.tiff', '2021_02_10_11_08_03multi_0CH2.tiff', '2021_02_10_11_08_03multi_0CH3.tiff']",193,131,"['G', 'B', 'NIR', 'R']"
"['2021_02_10_11_09_04multi_0CH0.tiff', '2021_02_10_11_09_04multi_0CH1.tiff', '2021_02_10_11_09_04multi_0CH2.tiff', '2021_02_10_11_09_04multi_0CH3.tiff']",194,132,"['G', 'B', 'NIR', 'R']"
"['2021_02_10_11_10_04multi_0CH0.tiff', '2021_02_10_11_10_04multi_0CH1.tiff', '2021_02_10_11_10_04multi_0CH2.tiff', '2021_02_10_11_10_04multi_0CH3.tiff']",195,133,"['G', 'B', 'NIR', 'R']"
"['2021_02_10_11_11_05multi_0CH0.tiff', '2021_02_10_11_11_05multi_0CH1.tiff', '2021_02_10_11_11_05multi_0CH2.tiff', '2021_02_10_11_11_05multi_0CH3.tiff']",196,134,"['G', 'B', 'NIR', 'R']"
"['2021_02_10_11_12_05multi_0CH0.tiff', '2021_02_10_11_12_05multi_0CH1.tiff', '2021_02_10_11_12_05multi_0CH2.tiff', '2021_02_10_11_12_05multi_0CH3.tiff']",197,135,"['G', 'B', 'NIR', 'R']"
"['2021_02_10_11_13_06multi_0CH0.tiff', '2021_02_10_11_13_06multi_0CH1.tiff', '2021_02_10_11_13_06multi_0CH2.tiff', '2021_02_10_11_13_06multi_0CH3.tiff']",198,136,"['G', 'B', 'NIR', 'R']"
"['2021_02_10_11_14_06multi_0CH0.tiff', '2021_02_10_11_14_06multi_0CH1.tiff', '2021_02_10_11_14_06multi_0CH2.tiff', '2021_02_10_11_14_06multi_0CH3.tiff']",199,137,"['G', 'B', 'NIR', 'R']"
"['2021_02_10_11_15_07multi_0CH0.tiff', '2021_02_10_11_15_07multi_0CH1.tiff', '2021_02_10_11_15_07multi_0CH2.tiff', '2021_02_10_11_15_07multi_0CH3.tiff']",200,138,"['G', 'B', 'NIR', 'R']"
"['2021_02_10_11_16_07multi_0CH0.tiff', '2021_02_10_11_16_07multi_0CH1.tiff', '2021_02_10_11_16_07multi_0CH2.tiff', '2021_02_10_11_16_07multi_0CH3.tiff']",201,139,"['G', 'B', 'NIR', 'R']"
"['2021_02_10_11_17_08multi_0CH0.tiff', '2021_02_10_11_17_08multi_0CH1.tiff', '2021_02_10_11_17_08multi_0CH2.tiff', '2021_02_10_11_17_08multi_0CH3.tiff']",202,140,"['G', 'B', 'NIR', 'R']"
"['2021_02_10_11_18_09multi_0CH0.tiff', '2021_02_10_11_18_09multi_0CH1.tiff', '2021_02_10_11_18_09multi_0CH2.tiff', '2021_02_10_11_18_09multi_0CH3.tiff']",203,141,"['G', 'B', 'NIR', 'R']"
"['2021_02_10_11_19_09multi_0CH0.tiff', '2021_02_10_11_19_09multi_0CH1.tiff', '2021_02_10_11_19_09multi_0CH2.tiff', '2021_02_10_11_19_09multi_0CH3.tiff']",204,142,"['G', 'B', 'NIR', 'R']"
"['2021_02_10_11_20_10multi_0CH0.tiff', '2021_02_10_11_20_10multi_0CH1.tiff', '2021_02_10_11_20_10multi_0CH2.tiff', '2021_02_10_11_20_10multi_0CH3.tiff']",205,143,"['G', 'B', 'NIR', 'R']"
"['2021_02_10_11_21_10multi_0CH0.tiff', '2021_02_10_11_21_10multi_0CH1.tiff', '2021_02_10_11_21_10multi_0CH2.tiff', '2021_02_10_11_21_10multi_0CH3.tiff']",206,144,"['G', 'B', 'NIR', 'R']"
"['2021_02_10_11_22_11multi_0CH0.tiff', '2021_02_10_11_22_11multi_0CH1.tiff', '2021_02_10_11_22_11multi_0CH2.tiff', '2021_02_10_11_22_11multi_0CH3.tiff']",207,145,"['G', 'B', 'NIR', 'R']"
"['2021_02_10_11_23_11multi_0CH0.tiff', '2021_02_10_11_23_11multi_0CH1.tiff', '2021_02_10_11_23_11multi_0CH2.tiff', '2021_02_10_11_23_11multi_0CH3.tiff']",208,146,"['G', 'B', 'NIR', 'R']"
"['2021_02_10_11_24_12multi_0CH0.tiff', '2021_02_10_11_24_12multi_0CH1.tiff', '2021_02_10_11_24_12multi_0CH2.tiff', '2021_02_10_11_24_12multi_0CH3.tiff']",209,147,"['G', 'B', 'NIR', 'R']"
"['2021_02_10_11_25_12multi_0CH0.tiff', '2021_02_10_11_25_12multi_0CH1.tiff', '2021_02_10_11_25_12multi_0CH2.tiff', '2021_02_10_11_25_12multi_0CH3.tiff']",210,148,"['G', 'B', 'NIR', 'R']"
"['2021_02_10_11_26_13multi_0CH0.tiff', '2021_02_10_11_26_13multi_0CH1.tiff', '2021_02_10_11_26_13multi_0CH2.tiff', '2021_02_10_11_26_13multi_0CH3.tiff']",211,149,"['G', 'B', 'NIR', 'R']"
"['2021_02_10_11_27_13multi_0CH0.tiff', '2021_02_10_11_27_13multi_0CH1.tiff', '2021_02_10_11_27_13multi_0CH2.tiff', '2021_02_10_11_27_13multi_0CH3.tiff']",212,150,"['G', 'B', 'NIR', 'R']"
"['2021_02_10_11_28_14multi_0CH0.tiff', '2021_02_10_11_28_14multi_0CH1.tiff', '2021_02_10_11_28_14multi_0CH2.tiff', '2021_02_10_11_28_14multi_0CH3.tiff']",213,151,"['G', 'B', 'NIR', 'R']"
"['2021_02_10_11_29_14multi_0CH0.tiff', '2021_02_10_11_29_14multi_0CH1.tiff', '2021_02_10_11_29_14multi_0CH2.tiff', '2021_02_10_11_29_14multi_0CH3.tiff']",214,152,"['G', 'B', 'NIR', 'R']"
"['2021_02_10_11_30_15multi_0CH0.tiff', '2021_02_10_11_30_15multi_0CH1.tiff', '2021_02_10_11_30_15multi_0CH2.tiff', '2021_02_10_11_30_15multi_0CH3.tiff']",215,153,"['G', 'B', 'NIR', 'R']"
"['2021_02_10_11_31_15multi_0CH0.tiff', '2021_02_10_11_31_15multi_0CH1.tiff', '2021_02_10_11_31_15multi_0CH2.tiff', '2021_02_10_11_31_15multi_0CH3.tiff']",216,154,"['G', 'B', 'NIR', 'R']"
"['2021_02_10_11_32_16multi_0CH0.tiff', '2021_02_10_11_32_16multi_0CH1.tiff', '2021_02_10_11_32_16multi_0CH2.tiff', '2021_02_10_11_32_16multi_0CH3.tiff']",217,155,"['G', 'B', 'NIR', 'R']"
"['2021_02_10_11_33_16multi_0CH0.tiff', '2021_02_10_11_33_16multi_0CH1.tiff', '2021_02_10_11_33_16multi_0CH2.tiff', '2021_02_10_11_33_16multi_0CH3.tiff']",218,156,"['G', 'B', 'NIR', 'R']"
"['2021_02_10_11_34_17multi_0CH0.tiff', '2021_02_10_11_34_17multi_0CH1.tiff', '2021_02_10_11_34_17multi_0CH2.tiff', '2021_02_10_11_34_17multi_0CH3.tiff']",219,157,"['G', 'B', 'NIR', 'R']"
"['2021_02_10_11_35_17multi_0CH0.tiff', '2021_02_10_11_35_17multi_0CH1.tiff', '2021_02_10_11_35_17multi_0CH2.tiff', '2021_02_10_11_35_17multi_0CH3.tiff']",220,158,"['G', 'B', 'NIR', 'R']"
"['2021_02_10_11_36_18multi_0CH0.tiff', '2021_02_10_11_36_18multi_0CH1.tiff', '2021_02_10_11_36_18multi_0CH2.tiff', '2021_02_10_11_36_18multi_0CH3.tiff']",221,159,"['G', 'B', 'NIR', 'R']"
"['2021_02_10_11_37_19multi_0CH0.tiff', '2021_02_10_11_37_19multi_0CH1.tiff', '2021_02_10_11_37_19multi_0CH2.tiff', '2021_02_10_11_37_19multi_0CH3.tiff']",222,160,"['G', 'B', 'NIR', 'R']"
"['2021_02_10_11_38_19multi_0CH0.tiff', '2021_02_10_11_38_19multi_0CH1.tiff', '2021_02_10_11_38_19multi_0CH2.tiff', '2021_02_10_11_38_19multi_0CH3.tiff']",223,161,"['G', 'B', 'NIR', 'R']"
"['2021_02_10_11_39_20multi_0CH0.tiff', '2021_02_10_11_39_20multi_0CH1.tiff', '2021_02_10_11_39_20multi_0CH2.tiff', '2021_02_10_11_39_20multi_0CH3.tiff']",224,162,"['G', 'B', 'NIR', 'R']"
"['2021_02_10_11_40_20multi_0CH0.tiff', '2021_02_10_11_40_20multi_0CH1.tiff', '2021_02_10_11_40_20multi_0CH2.tiff', '2021_02_10_11_40_20multi_0CH3.tiff']",225,163,"['G', 'B', 'NIR', 'R']"
"['2021_02_10_11_41_21multi_0CH0.tiff', '2021_02_10_11_41_21multi_0CH1.tiff', '2021_02_10_11_41_21multi_0CH2.tiff', '2021_02_10_11_41_21multi_0CH3.tiff']",226,164,"['G', 'B', 'NIR', 'R']"
"['2021_02_10_11_42_21multi_0CH0.tiff', '2021_02_10_11_42_21multi_0CH1.tiff', '2021_02_10_11_42_21multi_0CH2.tiff', '2021_02_10_11_42_21multi_0CH3.tiff']",227,165,"['G', 'B', 'NIR', 'R']"
"['2021_02_10_11_43_22multi_0CH0.tiff', '2021_02_10_11_43_22multi_0CH1.tiff', '2021_02_10_11_43_22multi_0CH2.tiff', '2021_02_10_11_43_22multi_0CH3.tiff']",228,166,"['G', 'B', 'NIR', 'R']"
"['2021_02_10_11_44_22multi_0CH0.tiff', '2021_02_10_11_44_22multi_0CH1.tiff', '2021_02_10_11_44_22multi_0CH2.tiff', '2021_02_10_11_44_22multi_0CH3.tiff']",229,167,"['G', 'B', 'NIR', 'R']"
"['2021_02_10_11_45_23multi_0CH0.tiff', '2021_02_10_11_45_23multi_0CH1.tiff', '2021_02_10_11_45_23multi_0CH2.tiff', '2021_02_10_11_45_23multi_0CH3.tiff']",230,168,"['G', 'B', 'NIR', 'R']"
"['2021_02_10_11_46_23multi_0CH0.tiff', '2021_02_10_11_46_23multi_0CH1.tiff', '2021_02_10_11_46_23multi_0CH2.tiff', '2021_02_10_11_46_23multi_0CH3.tiff']",231,169,"['G', 'B', 'NIR', 'R']"
"['2021_02_10_11_47_24multi_0CH0.tiff', '2021_02_10_11_47_24multi_0CH1.tiff', '2021_02_10_11_47_24multi_0CH2.tiff', '2021_02_10_11_47_24multi_0CH3.tiff']",232,170,"['G', 'B', 'NIR', 'R']"
"['2021_02_10_11_48_24multi_0CH0.tiff', '2021_02_10_11_48_24multi_0CH1.tiff', '2021_02_10_11_48_24multi_0CH2.tiff', '2021_02_10_11_48_24multi_0CH3.tiff']",233,171,"['G', 'B', 'NIR', 'R']"
"['2021_02_10_11_49_25multi_0CH0.tiff', '2021_02_10_11_49_25multi_0CH1.tiff', '2021_02_10_11_49_25multi_0CH2.tiff', '2021_02_10_11_49_25multi_0CH3.tiff']",234,172,"['G', 'B', 'NIR', 'R']"
"['2021_02_10_11_50_25multi_0CH0.tiff', '2021_02_10_11_50_25multi_0CH1.tiff', '2021_02_10_11_50_25multi_0CH2.tiff', '2021_02_10_11_50_25multi_0CH3.tiff']",235,173,"['G', 'B', 'NIR', 'R']"
"['2021_02_10_11_51_26multi_0CH0.tiff', '2021_02_10_11_51_26multi_0CH1.tiff', '2021_02_10_11_51_26multi_0CH2.tiff', '2021_02_10_11_51_26multi_0CH3.tiff']",236,174,"['G', 'B', 'NIR', 'R']"
"['2021_02_10_11_52_26multi_0CH0.tiff', '2021_02_10_11_52_26multi_0CH1.tiff', '2021_02_10_11_52_26multi_0CH2.tiff', '2021_02_10_11_52_26multi_0CH3.tiff']",237,175,"['G', 'B', 'NIR', 'R']"
"['2021_02_10_11_53_27multi_0CH0.tiff', '2021_02_10_11_53_27multi_0CH1.tiff', '2021_02_10_11_53_27multi_0CH2.tiff', '2021_02_10_11_53_27multi_0CH3.tiff']",238,176,"['G', 'B', 'NIR', 'R']"
"['2021_02_10_11_54_28multi_0CH0.tiff', '2021_02_10_11_54_28multi_0CH1.tiff', '2021_02_10_11_54_28multi_0CH2.tiff', '2021_02_10_11_54_28multi_0CH3.tiff']",239,177,"['G', 'B', 'NIR', 'R']"
"['2021_02_10_11_55_28multi_0CH0.tiff', '2021_02_10_11_55_28multi_0CH1.tiff', '2021_02_10_11_55_28multi_0CH2.tiff', '2021_02_10_11_55_28multi_0CH3.tiff']",240,178,"['G', 'B', 'NIR', 'R']"
"['2021_02_10_11_56_28multi_0CH0.tiff', '2021_02_10_11_56_28multi_0CH1.tiff', '2021_02_10_11_56_28multi_0CH2.tiff', '2021_02_10_11_56_28multi_0CH3.tiff']",241,179,"['G', 'B', 'NIR', 'R']"
"['2021_02_10_11_57_29multi_0CH0.tiff', '2021_02_10_11_57_29multi_0CH1.tiff', '2021_02_10_11_57_29multi_0CH2.tiff', '2021_02_10_11_57_29multi_0CH3.tiff']",242,180,"['G', 'B', 'NIR', 'R']"
"['2021_02_10_11_58_29multi_0CH0.tiff', '2021_02_10_11_58_29multi_0CH1.tiff', '2021_02_10_11_58_29multi_0CH2.tiff', '2021_02_10_11_58_29multi_0CH3.tiff']",243,181,"['G', 'B', 'NIR', 'R']"
"['2021_02_10_11_59_30multi_0CH0.tiff', '2021_02_10_11_59_30multi_0CH1.tiff', '2021_02_10_11_59_30multi_0CH2.tiff', '2021_02_10_11_59_30multi_0CH3.tiff']",244,182,"['G', 'B', 'NIR', 'R']"
"['2021_02_10_12_00_31multi_0CH0.tiff', '2021_02_10_12_00_31multi_0CH1.tiff', '2021_02_10_12_00_31multi_0CH2.tiff', '2021_02_10_12_00_31multi_0CH3.tiff']",245,183,"['G', 'B', 'NIR', 'R']"
"['2021_02_10_12_01_31multi_0CH0.tiff', '2021_02_10_12_01_31multi_0CH1.tiff', '2021_02_10_12_01_31multi_0CH2.tiff', '2021_02_10_12_01_31multi_0CH3.tiff']",246,184,"['G', 'B', 'NIR', 'R']"
"['2021_02_10_12_02_32multi_0CH0.tiff', '2021_02_10_12_02_32multi_0CH1.tiff', '2021_02_10_12_02_32multi_0CH2.tiff', '2021_02_10_12_02_32multi_0CH3.tiff']",247,185,"['G', 'B', 'NIR', 'R']"
"['2021_02_10_12_03_32multi_0CH0.tiff', '2021_02_10_12_03_32multi_0CH1.tiff', '2021_02_10_12_03_32multi_0CH2.tiff', '2021_02_10_12_03_32multi_0CH3.tiff']",248,186,"['G', 'B', 'NIR', 'R']"
"['2021_02_10_12_04_33multi_0CH0.tiff', '2021_02_10_12_04_33multi_0CH1.tiff', '2021_02_10_12_04_33multi_0CH2.tiff', '2021_02_10_12_04_33multi_0CH3.tiff']",249,187,"['G', 'B', 'NIR', 'R']"
"['2021_02_10_12_05_33multi_0CH0.tiff', '2021_02_10_12_05_33multi_0CH1.tiff', '2021_02_10_12_05_33multi_0CH2.tiff', '2021_02_10_12_05_33multi_0CH3.tiff']",250,188,"['G', 'B', 'NIR', 'R']"
"['2021_02_10_12_06_34multi_0CH0.tiff', '2021_02_10_12_06_34multi_0CH1.tiff', '2021_02_10_12_06_34multi_0CH2.tiff', '2021_02_10_12_06_34multi_0CH3.tiff']",251,189,"['G', 'B', 'NIR', 'R']"
"['2021_02_10_12_07_34multi_0CH0.tiff', '2021_02_10_12_07_34multi_0CH1.tiff', '2021_02_10_12_07_34multi_0CH2.tiff', '2021_02_10_12_07_34multi_0CH3.tiff']",252,190,"['G', 'B', 'NIR', 'R']"
"['2021_02_10_12_08_35multi_0CH0.tiff', '2021_02_10_12_08_35multi_0CH1.tiff', '2021_02_10_12_08_35multi_0CH2.tiff', '2021_02_10_12_08_35multi_0CH3.tiff']",253,191,"['G', 'B', 'NIR', 'R']"
"['2021_02_10_12_09_35multi_0CH0.tiff', '2021_02_10_12_09_35multi_0CH1.tiff', '2021_02_10_12_09_35multi_0CH2.tiff', '2021_02_10_12_09_35multi_0CH3.tiff']",254,192,"['G', 'B', 'NIR', 'R']"
"['2021_02_10_12_10_36multi_0CH0.tiff', '2021_02_10_12_10_36multi_0CH1.tiff', '2021_02_10_12_10_36multi_0CH2.tiff', '2021_02_10_12_10_36multi_0CH3.tiff']",255,193,"['G', 'B', 'NIR', 'R']"
"['2021_02_10_12_11_36multi_0CH0.tiff', '2021_02_10_12_11_36multi_0CH1.tiff', '2021_02_10_12_11_36multi_0CH2.tiff', '2021_02_10_12_11_36multi_0CH3.tiff']",256,194,"['G', 'B', 'NIR', 'R']"
"['2021_02_10_12_12_37multi_0CH0.tiff', '2021_02_10_12_12_37multi_0CH1.tiff', '2021_02_10_12_12_37multi_0CH2.tiff', '2021_02_10_12_12_37multi_0CH3.tiff']",257,195,"['G', 'B', 'NIR', 'R']"
"['2021_02_10_12_13_37multi_0CH0.tiff', '2021_02_10_12_13_37multi_0CH1.tiff', '2021_02_10_12_13_37multi_0CH2.tiff', '2021_02_10_12_13_37multi_0CH3.tiff']",258,196,"['G', 'B', 'NIR', 'R']"
"['2021_02_10_12_14_38multi_0CH0.tiff', '2021_02_10_12_14_38multi_0CH1.tiff', '2021_02_10_12_14_38multi_0CH2.tiff', '2021_02_10_12_14_38multi_0CH3.tiff']",259,197,"['G', 'B', 'NIR', 'R']"
"['2021_02_10_12_15_38multi_0CH0.tiff', '2021_02_10_12_15_38multi_0CH1.tiff', '2021_02_10_12_15_38multi_0CH2.tiff', '2021_02_10_12_15_38multi_0CH3.tiff']",260,198,"['G', 'B', 'NIR', 'R']"
"['2021_02_10_12_17_40multi_0CH0.tiff', '2021_02_10_12_17_40multi_0CH1.tiff', '2021_02_10_12_17_40multi_0CH2.tiff', '2021_02_10_12_17_40multi_0CH3.tiff']",262,200,"['G', 'B', 'NIR', 'R']"
"['2021_02_10_12_18_40multi_0CH0.tiff', '2021_02_10_12_18_40multi_0CH1.tiff', '2021_02_10_12_18_40multi_0CH2.tiff', '2021_02_10_12_18_40multi_0CH3.tiff']",263,201,"['G', 'B', 'NIR', 'R']"
"['2021_02_10_12_19_41multi_0CH0.tiff', '2021_02_10_12_19_41multi_0CH1.tiff', '2021_02_10_12_19_41multi_0CH2.tiff', '2021_02_10_12_19_41multi_0CH3.tiff']",264,202,"['G', 'B', 'NIR', 'R']"
"['2021_02_10_12_20_41multi_0CH0.tiff', '2021_02_10_12_20_41multi_0CH1.tiff', '2021_02_10_12_20_41multi_0CH2.tiff', '2021_02_10_12_20_41multi_0CH3.tiff']",265,203,"['G', 'B', 'NIR', 'R']"
"['2021_02_10_12_21_42multi_0CH0.tiff', '2021_02_10_12_21_42multi_0CH1.tiff', '2021_02_10_12_21_42multi_0CH2.tiff', '2021_02_10_12_21_42multi_0CH3.tiff']",266,204,"['G', 'B', 'NIR', 'R']"
"['2021_02_10_12_22_42multi_0CH0.tiff', '2021_02_10_12_22_42multi_0CH1.tiff', '2021_02_10_12_22_42multi_0CH2.tiff', '2021_02_10_12_22_42multi_0CH3.tiff']",267,205,"['G', 'B', 'NIR', 'R']"
"['2021_02_10_12_23_43multi_0CH0.tiff', '2021_02_10_12_23_43multi_0CH1.tiff', '2021_02_10_12_23_43multi_0CH2.tiff', '2021_02_10_12_23_43multi_0CH3.tiff']",268,206,"['G', 'B', 'NIR', 'R']"
"['2021_02_10_12_24_43multi_0CH0.tiff', '2021_02_10_12_24_43multi_0CH1.tiff', '2021_02_10_12_24_43multi_0CH2.tiff', '2021_02_10_12_24_43multi_0CH3.tiff']",269,207,"['G', 'B', 'NIR', 'R']"
"['2021_02_10_12_25_44multi_0CH0.tiff', '2021_02_10_12_25_44multi_0CH1.tiff', '2021_02_10_12_25_44multi_0CH2.tiff', '2021_02_10_12_25_44multi_0CH3.tiff']",270,208,"['G', 'B', 'NIR', 'R']"
"['2021_02_10_12_26_44multi_0CH0.tiff', '2021_02_10_12_26_44multi_0CH1.tiff', '2021_02_10_12_26_44multi_0CH2.tiff', '2021_02_10_12_26_44multi_0CH3.tiff']",271,209,"['G', 'B', 'NIR', 'R']"
"['2021_02_10_12_27_45multi_0CH0.tiff', '2021_02_10_12_27_45multi_0CH1.tiff', '2021_02_10_12_27_45multi_0CH2.tiff', '2021_02_10_12_27_45multi_0CH3.tiff']",272,210,"['G', 'B', 'NIR', 'R']"
"['2021_02_10_12_28_45multi_0CH0.tiff', '2021_02_10_12_28_45multi_0CH1.tiff', '2021_02_10_12_28_45multi_0CH2.tiff', '2021_02_10_12_28_45multi_0CH3.tiff']",273,211,"['G', 'B', 'NIR', 'R']"
"['2021_02_10_12_29_46multi_0CH0.tiff', '2021_02_10_12_29_46multi_0CH1.tiff', '2021_02_10_12_29_46multi_0CH2.tiff', '2021_02_10_12_29_46multi_0CH3.tiff']",274,212,"['G', 'B', 'NIR', 'R']"
"['2021_02_10_12_30_46multi_0CH0.tiff', '2021_02_10_12_30_46multi_0CH1.tiff', '2021_02_10_12_30_46multi_0CH2.tiff', '2021_02_10_12_30_46multi_0CH3.tiff']",275,213,"['G', 'B', 'NIR', 'R']"
"['2021_02_10_12_31_47multi_0CH0.tiff', '2021_02_10_12_31_47multi_0CH1.tiff', '2021_02_10_12_31_47multi_0CH2.tiff', '2021_02_10_12_31_47multi_0CH3.tiff']",276,214,"['G', 'B', 'NIR', 'R']"
"['2021_02_10_12_32_47multi_0CH0.tiff', '2021_02_10_12_32_47multi_0CH1.tiff', '2021_02_10_12_32_47multi_0CH2.tiff', '2021_02_10_12_32_47multi_0CH3.tiff']",277,215,"['G', 'B', 'NIR', 'R']"
"['2021_02_10_12_33_48multi_0CH0.tiff', '2021_02_10_12_33_48multi_0CH1.tiff', '2021_02_10_12_33_48multi_0CH2.tiff', '2021_02_10_12_33_48multi_0CH3.tiff']",278,216,"['G', 'B', 'NIR', 'R']"
"['2021_02_10_12_35_49multi_0CH0.tiff', '2021_02_10_12_35_49multi_0CH1.tiff', '2021_02_10_12_35_49multi_0CH2.tiff', '2021_02_10_12_35_49multi_0CH3.tiff']",280,218,"['G', 'B', 'NIR', 'R']"
"['2021_02_10_12_36_49multi_0CH0.tiff', '2021_02_10_12_36_49multi_0CH1.tiff', '2021_02_10_12_36_49multi_0CH2.tiff', '2021_02_10_12_36_49multi_0CH3.tiff']",281,219,"['G', 'B', 'NIR', 'R']"
"['2021_02_10_12_37_50multi_0CH0.tiff', '2021_02_10_12_37_50multi_0CH1.tiff', '2021_02_10_12_37_50multi_0CH2.tiff', '2021_02_10_12_37_50multi_0CH3.tiff']",282,220,"['G', 'B', 'NIR', 'R']"
"['2021_02_10_12_38_51multi_0CH0.tiff', '2021_02_10_12_38_51multi_0CH1.tiff', '2021_02_10_12_38_51multi_0CH2.tiff', '2021_02_10_12_38_51multi_0CH3.tiff']",283,221,"['G', 'B', 'NIR', 'R']"
"['2021_02_10_12_39_51multi_0CH0.tiff', '2021_02_10_12_39_51multi_0CH1.tiff', '2021_02_10_12_39_51multi_0CH2.tiff', '2021_02_10_12_39_51multi_0CH3.tiff']",284,222,"['G', 'B', 'NIR', 'R']"
"['2021_02_10_12_40_52multi_0CH0.tiff', '2021_02_10_12_40_52multi_0CH1.tiff', '2021_02_10_12_40_52multi_0CH2.tiff', '2021_02_10_12_40_52multi_0CH3.tiff']",285,223,"['G', 'B', 'NIR', 'R']"
"['2021_02_10_12_41_52multi_0CH0.tiff', '2021_02_10_12_41_52multi_0CH1.tiff', '2021_02_10_12_41_52multi_0CH2.tiff', '2021_02_10_12_41_52multi_0CH3.tiff']",286,224,"['G', 'B', 'NIR', 'R']"
"['2021_02_10_12_42_53multi_0CH0.tiff', '2021_02_10_12_42_53multi_0CH1.tiff', '2021_02_10_12_42_53multi_0CH2.tiff', '2021_02_10_12_42_53multi_0CH3.tiff']",287,225,"['G', 'B', 'NIR', 'R']"
"['2021_02_10_12_43_53multi_0CH0.tiff', '2021_02_10_12_43_53multi_0CH1.tiff', '2021_02_10_12_43_53multi_0CH2.tiff', '2021_02_10_12_43_53multi_0CH3.tiff']",288,226,"['G', 'B', 'NIR', 'R']"
"['2021_02_10_12_44_54multi_0CH0.tiff', '2021_02_10_12_44_54multi_0CH1.tiff', '2021_02_10_12_44_54multi_0CH2.tiff', '2021_02_10_12_44_54multi_0CH3.tiff']",289,227,"['G', 'B', 'NIR', 'R']"
"['2021_02_10_12_45_54multi_0CH0.tiff', '2021_02_10_12_45_54multi_0CH1.tiff', '2021_02_10_12_45_54multi_0CH2.tiff', '2021_02_10_12_45_54multi_0CH3.tiff']",290,228,"['G', 'B', 'NIR', 'R']"
"['2021_02_10_12_46_55multi_0CH0.tiff', '2021_02_10_12_46_55multi_0CH1.tiff', '2021_02_10_12_46_55multi_0CH2.tiff', '2021_02_10_12_46_55multi_0CH3.tiff']",291,229,"['G', 'B', 'NIR', 'R']"
"['2021_02_10_12_47_55multi_0CH0.tiff', '2021_02_10_12_47_55multi_0CH1.tiff', '2021_02_10_12_47_55multi_0CH2.tiff', '2021_02_10_12_47_55multi_0CH3.tiff']",292,230,"['G', 'B', 'NIR', 'R']"
"['2021_02_10_12_48_56multi_0CH0.tiff', '2021_02_10_12_48_56multi_0CH1.tiff', '2021_02_10_12_48_56multi_0CH2.tiff', '2021_02_10_12_48_56multi_0CH3.tiff']",293,231,"['G', 'B', 'NIR', 'R']"
"['2021_02_10_12_49_56multi_0CH0.tiff', '2021_02_10_12_49_56multi_0CH1.tiff', '2021_02_10_12_49_56multi_0CH2.tiff', '2021_02_10_12_49_56multi_0CH3.tiff']",294,232,"['G', 'B', 'NIR', 'R']"
"['2021_02_10_12_50_57multi_0CH0.tiff', '2021_02_10_12_50_57multi_0CH1.tiff', '2021_02_10_12_50_57multi_0CH2.tiff', '2021_02_10_12_50_57multi_0CH3.tiff']",295,233,"['G', 'B', 'NIR', 'R']"
"['2021_02_10_12_51_58multi_0CH0.tiff', '2021_02_10_12_51_58multi_0CH1.tiff', '2021_02_10_12_51_58multi_0CH2.tiff', '2021_02_10_12_51_58multi_0CH3.tiff']",296,234,"['G', 'B', 'NIR', 'R']"
"['2021_02_10_12_52_58multi_0CH0.tiff', '2021_02_10_12_52_58multi_0CH1.tiff', '2021_02_10_12_52_58multi_0CH2.tiff', '2021_02_10_12_52_58multi_0CH3.tiff']",297,235,"['G', 'B', 'NIR', 'R']"
"['2021_02_10_12_53_58multi_0CH0.tiff', '2021_02_10_12_53_58multi_0CH1.tiff', '2021_02_10_12_53_58multi_0CH2.tiff', '2021_02_10_12_53_58multi_0CH3.tiff']",298,236,"['G', 'B', 'NIR', 'R']"
"['2021_02_10_12_54_59multi_0CH0.tiff', '2021_02_10_12_54_59multi_0CH1.tiff', '2021_02_10_12_54_59multi_0CH2.tiff', '2021_02_10_12_54_59multi_0CH3.tiff']",299,237,"['G', 'B', 'NIR', 'R']"
"['2021_02_10_12_55_59multi_0CH0.tiff', '2021_02_10_12_55_59multi_0CH1.tiff', '2021_02_10_12_55_59multi_0CH2.tiff', '2021_02_10_12_55_59multi_0CH3.tiff']",300,238,"['G', 'B', 'NIR', 'R']"
"['2021_02_10_12_57_00multi_0CH0.tiff', '2021_02_10_12_57_00multi_0CH1.tiff', '2021_02_10_12_57_00multi_0CH2.tiff', '2021_02_10_12_57_00multi_0CH3.tiff']",302,240,"['G', 'B', 'NIR', 'R']"
"['2021_02_10_12_58_01multi_0CH0.tiff', '2021_02_10_12_58_01multi_0CH1.tiff', '2021_02_10_12_58_01multi_0CH2.tiff', '2021_02_10_12_58_01multi_0CH3.tiff']",303,241,"['G', 'B', 'NIR', 'R']"
"['2021_02_10_12_59_01multi_0CH0.tiff', '2021_02_10_12_59_01multi_0CH1.tiff', '2021_02_10_12_59_01multi_0CH2.tiff', '2021_02_10_12_59_01multi_0CH3.tiff']",304,242,"['G', 'B', 'NIR', 'R']"
"['2021_02_10_13_00_02multi_0CH0.tiff', '2021_02_10_13_00_02multi_0CH1.tiff', '2021_02_10_13_00_02multi_0CH2.tiff', '2021_02_10_13_00_02multi_0CH3.tiff']",305,243,"['G', 'B', 'NIR', 'R']"
"['2021_02_10_13_01_02multi_0CH0.tiff', '2021_02_10_13_01_02multi_0CH1.tiff', '2021_02_10_13_01_02multi_0CH2.tiff', '2021_02_10_13_01_02multi_0CH3.tiff']",306,244,"['G', 'B', 'NIR', 'R']"
"['2021_02_10_13_02_03multi_0CH0.tiff', '2021_02_10_13_02_03multi_0CH1.tiff', '2021_02_10_13_02_03multi_0CH2.tiff', '2021_02_10_13_02_03multi_0CH3.tiff']",307,245,"['G', 'B', 'NIR', 'R']"
"['2021_02_10_13_03_03multi_0CH0.tiff', '2021_02_10_13_03_03multi_0CH1.tiff', '2021_02_10_13_03_03multi_0CH2.tiff', '2021_02_10_13_03_03multi_0CH3.tiff']",308,246,"['G', 'B', 'NIR', 'R']"
"['2021_02_10_13_04_04multi_0CH0.tiff', '2021_02_10_13_04_04multi_0CH1.tiff', '2021_02_10_13_04_04multi_0CH2.tiff', '2021_02_10_13_04_04multi_0CH3.tiff']",309,247,"['G', 'B', 'NIR', 'R']"
"['2021_02_10_13_05_04multi_0CH0.tiff', '2021_02_10_13_05_04multi_0CH1.tiff', '2021_02_10_13_05_04multi_0CH2.tiff', '2021_02_10_13_05_04multi_0CH3.tiff']",310,248,"['G', 'B', 'NIR', 'R']"
"['2021_02_10_13_06_05multi_0CH0.tiff', '2021_02_10_13_06_05multi_0CH1.tiff', '2021_02_10_13_06_05multi_0CH2.tiff', '2021_02_10_13_06_05multi_0CH3.tiff']",311,249,"['G', 'B', 'NIR', 'R']"
"['2021_02_10_13_07_05multi_0CH0.tiff', '2021_02_10_13_07_05multi_0CH1.tiff', '2021_02_10_13_07_05multi_0CH2.tiff', '2021_02_10_13_07_05multi_0CH3.tiff']",312,250,"['G', 'B', 'NIR', 'R']"
"['2021_02_10_13_08_06multi_0CH0.tiff', '2021_02_10_13_08_06multi_0CH1.tiff', '2021_02_10_13_08_06multi_0CH2.tiff', '2021_02_10_13_08_06multi_0CH3.tiff']",313,251,"['G', 'B', 'NIR', 'R']"
"['2021_02_10_13_09_06multi_0CH0.tiff', '2021_02_10_13_09_06multi_0CH1.tiff', '2021_02_10_13_09_06multi_0CH2.tiff', '2021_02_10_13_09_06multi_0CH3.tiff']",314,252,"['G', 'B', 'NIR', 'R']"
"['2021_02_10_13_10_07multi_0CH0.tiff', '2021_02_10_13_10_07multi_0CH1.tiff', '2021_02_10_13_10_07multi_0CH2.tiff', '2021_02_10_13_10_07multi_0CH3.tiff']",315,253,"['G', 'B', 'NIR', 'R']"
"['2021_02_10_13_11_07multi_0CH0.tiff', '2021_02_10_13_11_07multi_0CH1.tiff', '2021_02_10_13_11_07multi_0CH2.tiff', '2021_02_10_13_11_07multi_0CH3.tiff']",316,254,"['G', 'B', 'NIR', 'R']"
"['2021_02_10_13_12_08multi_0CH0.tiff', '2021_02_10_13_12_08multi_0CH1.tiff', '2021_02_10_13_12_08multi_0CH2.tiff', '2021_02_10_13_12_08multi_0CH3.tiff']",317,255,"['G', 'B', 'NIR', 'R']"
"['2021_02_10_13_13_08multi_0CH0.tiff', '2021_02_10_13_13_08multi_0CH1.tiff', '2021_02_10_13_13_08multi_0CH2.tiff', '2021_02_10_13_13_08multi_0CH3.tiff']",318,256,"['G', 'B', 'NIR', 'R']"
"['2021_02_10_13_14_09multi_0CH0.tiff', '2021_02_10_13_14_09multi_0CH1.tiff', '2021_02_10_13_14_09multi_0CH2.tiff', '2021_02_10_13_14_09multi_0CH3.tiff']",319,257,"['G', 'B', 'NIR', 'R']"
"['2021_02_10_13_15_09multi_0CH0.tiff', '2021_02_10_13_15_09multi_0CH1.tiff', '2021_02_10_13_15_09multi_0CH2.tiff', '2021_02_10_13_15_09multi_0CH3.tiff']",320,258,"['G', 'B', 'NIR', 'R']"
"['2021_02_10_13_16_10multi_0CH0.tiff', '2021_02_10_13_16_10multi_0CH1.tiff', '2021_02_10_13_16_10multi_0CH2.tiff', '2021_02_10_13_16_10multi_0CH3.tiff']",321,259,"['G', 'B', 'NIR', 'R']"
"['2021_02_10_13_17_10multi_0CH0.tiff', '2021_02_10_13_17_10multi_0CH1.tiff', '2021_02_10_13_17_10multi_0CH2.tiff', '2021_02_10_13_17_10multi_0CH3.tiff']",322,260,"['G', 'B', 'NIR', 'R']"
"['2021_02_10_13_18_11multi_0CH0.tiff', '2021_02_10_13_18_11multi_0CH1.tiff', '2021_02_10_13_18_11multi_0CH2.tiff', '2021_02_10_13_18_11multi_0CH3.tiff']",323,261,"['G', 'B', 'NIR', 'R']"
"['2021_02_10_13_19_11multi_0CH0.tiff', '2021_02_10_13_19_11multi_0CH1.tiff', '2021_02_10_13_19_11multi_0CH2.tiff', '2021_02_10_13_19_11multi_0CH3.tiff']",324,262,"['G', 'B', 'NIR', 'R']"
"['2021_02_10_13_20_12multi_0CH0.tiff', '2021_02_10_13_20_12multi_0CH1.tiff', '2021_02_10_13_20_12multi_0CH2.tiff', '2021_02_10_13_20_12multi_0CH3.tiff']",325,263,"['G', 'B', 'NIR', 'R']"
"['2021_02_10_13_21_13multi_0CH0.tiff', '2021_02_10_13_21_13multi_0CH1.tiff', '2021_02_10_13_21_13multi_0CH2.tiff', '2021_02_10_13_21_13multi_0CH3.tiff']",326,264,"['G', 'B', 'NIR', 'R']"
"['2021_02_10_13_22_13multi_0CH0.tiff', '2021_02_10_13_22_13multi_0CH1.tiff', '2021_02_10_13_22_13multi_0CH2.tiff', '2021_02_10_13_22_13multi_0CH3.tiff']",327,265,"['G', 'B', 'NIR', 'R']"
"['2021_02_10_13_23_13multi_0CH0.tiff', '2021_02_10_13_23_13multi_0CH1.tiff', '2021_02_10_13_23_13multi_0CH2.tiff', '2021_02_10_13_23_13multi_0CH3.tiff']",328,266,"['G', 'B', 'NIR', 'R']"
"['2021_02_10_13_24_14multi_0CH0.tiff', '2021_02_10_13_24_14multi_0CH1.tiff', '2021_02_10_13_24_14multi_0CH2.tiff', '2021_02_10_13_24_14multi_0CH3.tiff']",329,267,"['G', 'B', 'NIR', 'R']"
"['2021_02_10_13_25_14multi_0CH0.tiff', '2021_02_10_13_25_14multi_0CH1.tiff', '2021_02_10_13_25_14multi_0CH2.tiff', '2021_02_10_13_25_14multi_0CH3.tiff']",330,268,"['G', 'B', 'NIR', 'R']"
"['2021_02_10_13_26_15multi_0CH0.tiff', '2021_02_10_13_26_15multi_0CH1.tiff', '2021_02_10_13_26_15multi_0CH2.tiff', '2021_02_10_13_26_15multi_0CH3.tiff']",331,269,"['G', 'B', 'NIR', 'R']"
"['2021_02_10_13_27_16multi_0CH0.tiff', '2021_02_10_13_27_16multi_0CH1.tiff', '2021_02_10_13_27_16multi_0CH2.tiff', '2021_02_10_13_27_16multi_0CH3.tiff']",332,270,"['G', 'B', 'NIR', 'R']"
"['2021_02_10_13_28_16multi_0CH0.tiff', '2021_02_10_13_28_16multi_0CH1.tiff', '2021_02_10_13_28_16multi_0CH2.tiff', '2021_02_10_13_28_16multi_0CH3.tiff']",333,271,"['G', 'B', 'NIR', 'R']"
"['2021_02_10_13_29_17multi_0CH0.tiff', '2021_02_10_13_29_17multi_0CH1.tiff', '2021_02_10_13_29_17multi_0CH2.tiff', '2021_02_10_13_29_17multi_0CH3.tiff']",334,272,"['G', 'B', 'NIR', 'R']"
"['2021_02_10_13_30_17multi_0CH0.tiff', '2021_02_10_13_30_17multi_0CH1.tiff', '2021_02_10_13_30_17multi_0CH2.tiff', '2021_02_10_13_30_17multi_0CH3.tiff']",335,273,"['G', 'B', 'NIR', 'R']"
"['2021_02_10_13_31_18multi_0CH0.tiff', '2021_02_10_13_31_18multi_0CH1.tiff', '2021_02_10_13_31_18multi_0CH2.tiff', '2021_02_10_13_31_18multi_0CH3.tiff']",336,274,"['G', 'B', 'NIR', 'R']"
"['2021_02_10_13_32_18multi_0CH0.tiff', '2021_02_10_13_32_18multi_0CH1.tiff', '2021_02_10_13_32_18multi_0CH2.tiff', '2021_02_10_13_32_18multi_0CH3.tiff']",337,275,"['G', 'B', 'NIR', 'R']"
"['2021_02_10_13_33_19multi_0CH0.tiff', '2021_02_10_13_33_19multi_0CH1.tiff', '2021_02_10_13_33_19multi_0CH2.tiff', '2021_02_10_13_33_19multi_0CH3.tiff']",338,276,"['G', 'B', 'NIR', 'R']"
"['2021_02_10_13_34_19multi_0CH0.tiff', '2021_02_10_13_34_19multi_0CH1.tiff', '2021_02_10_13_34_19multi_0CH2.tiff', '2021_02_10_13_34_19multi_0CH3.tiff']",339,277,"['G', 'B', 'NIR', 'R']"
"['2021_02_10_13_35_20multi_0CH0.tiff', '2021_02_10_13_35_20multi_0CH1.tiff', '2021_02_10_13_35_20multi_0CH2.tiff', '2021_02_10_13_35_20multi_0CH3.tiff']",340,278,"['G', 'B', 'NIR', 'R']"
"['2021_02_10_13_36_20multi_0CH0.tiff', '2021_02_10_13_36_20multi_0CH1.tiff', '2021_02_10_13_36_20multi_0CH2.tiff', '2021_02_10_13_36_20multi_0CH3.tiff']",341,279,"['G', 'B', 'NIR', 'R']"
"['2021_02_10_13_37_21multi_0CH0.tiff', '2021_02_10_13_37_21multi_0CH1.tiff', '2021_02_10_13_37_21multi_0CH2.tiff', '2021_02_10_13_37_21multi_0CH3.tiff']",342,280,"['G', 'B', 'NIR', 'R']"
"['2021_02_10_13_38_22multi_0CH0.tiff', '2021_02_10_13_38_22multi_0CH1.tiff', '2021_02_10_13_38_22multi_0CH2.tiff', '2021_02_10_13_38_22multi_0CH3.tiff']",343,281,"['G', 'B', 'NIR', 'R']"
